md5,title,author,categories,url,match_tier,match_reason,matched_author_id,matched_work_title,matched_query
07471b79b7beaf016c62abe91f631b2d,"EFFECTIVE COMMUNICATION SKILLS: The Nine-Keys Guidebook for Developing the Art of Persuasion through Public Speaking, Social Intelligence, Verbal Dexterity, Charisma, and Eloquence",EFFECTIVE COMMUNICATION SKILLS: The Nine-Keys Guidebook for Developing the Art of Persuasion through Public Speaking,Gene Keys,https://annas-archive.org/md5/07471b79b7beaf016c62abe91f631b2d,noise,no_registry_signal,,,
1915268edcccf05c36db4891b724638a,newsarch_ebooks_2025_10,,Gene Keys,https://annas-archive.org/md5/1915268edcccf05c36db4891b724638a,noise,no_registry_signal,,,
1f67a151bc0254cc2dc34950e82167a7,Bibliotheca Alexandrina [UPDATED FEB 2023],,Gene Keys,https://annas-archive.org/md5/1f67a151bc0254cc2dc34950e82167a7,noise,no_registry_signal,,,
3d7b8c4866a14d27d1523a20aa16ba2d,The Biology of Human Starvation,,Gene Keys,https://annas-archive.org/md5/3d7b8c4866a14d27d1523a20aa16ba2d,noise,no_registry_signal,,,
3f9764875f84bfe0036494fe520a3864,4,More Books on Conspiracy Theory/! Conspiracy/ebooks/Manly P Hall - The Lost Keys of Freemasonry or The Secret of Hiram Abiff.pdf,Gene Keys,https://annas-archive.org/md5/3f9764875f84bfe0036494fe520a3864,noise,no_registry_signal,,,
3fb96994086523e906f3f066a32a59f9,YOGA ANATOMY’S KEYS: The Functional Guide for Beginners,"simply using the power of your mind, healing body movements and yoga poses?",Gene Keys,https://annas-archive.org/md5/3fb96994086523e906f3f066a32a59f9,noise,no_registry_signal,,,
416b666027392bf3ae94685addb09c58,Solutions Intermediate (Workbook Keys),,Gene Keys,https://annas-archive.org/md5/416b666027392bf3ae94685addb09c58,noise,no_registry_signal,,,
46a810bb0c62937700be4846671feee6,Everyday VOCABULARY + Grammar: For Intermediate Students: The KEYS. Учебное пособие,Everyday VOCABULARY + Grammar: For Intermediate Students: The KEYS. Учебное пособие.pdf,Gene Keys,https://annas-archive.org/md5/46a810bb0c62937700be4846671feee6,noise,no_registry_signal,,,
502d696c645e42f803b52d5f9cbeaff7,Basic English,The Easy Way,Gene Keys,https://annas-archive.org/md5/502d696c645e42f803b52d5f9cbeaff7,noise,no_registry_signal,,,
5236720b7bab3cdc53971acef0de941e,Everyday Vocabulary + Grammar: For Intermediate Students: The KEYS. Учебное пособие,,Gene Keys,https://annas-archive.org/md5/5236720b7bab3cdc53971acef0de941e,noise,no_registry_signal,,,
536b4c22b15dbd0c7a5648d795a94b44,5. Ancient & Classical Civilizations Series,,Gene Keys,https://annas-archive.org/md5/536b4c22b15dbd0c7a5648d795a94b44,noise,no_registry_signal,,,
57925b8e59879b4c1ae7abb80fc32194,"EFFECTIVE COMMUNICATION SKILLS: The Nine-Keys Guidebook for Developing the Art of Persuasion through Public Speaking, Social Intelligence, Verbal Dexterity, Charisma, and Eloquence",,Gene Keys,https://annas-archive.org/md5/57925b8e59879b4c1ae7abb80fc32194,noise,no_registry_signal,,,
69bd5ad0c4a71fee9a394966afac406b,The Keys. English Grammar. Reference and Practice. Version 2.0,The Keys. English Grammar. Reference and Practice. Version 2.0.pdf,Gene Keys,https://annas-archive.org/md5/69bd5ad0c4a71fee9a394966afac406b,noise,no_registry_signal,,,
6dab50032b7c35a9cc842e8e16d28ec6,5. Ancient & Classical Civilizations Series,,Gene Keys,https://annas-archive.org/md5/6dab50032b7c35a9cc842e8e16d28ec6,noise,no_registry_signal,,,
713ac4586f08af5caa38d49ac0622fff,Laser B2 FCE Workbook (with keys),,Gene Keys,https://annas-archive.org/md5/713ac4586f08af5caa38d49ac0622fff,noise,no_registry_signal,,,
76f3b02cfb444b99397eb1d4260382e1,Keys for Men (Keys For...),Keys for Men,Gene Keys,https://annas-archive.org/md5/76f3b02cfb444b99397eb1d4260382e1,noise,no_registry_signal,,,
7ab9aadd74a005403fc1e9745e8b76e0,5. Ancient & Classical Civilizations Series,,Gene Keys,https://annas-archive.org/md5/7ab9aadd74a005403fc1e9745e8b76e0,noise,no_registry_signal,,,
7d1b4dd05dd8cdf8c61695c1023bdbc9,Language Learning Packs Collection (Vol. 2),,Gene Keys,https://annas-archive.org/md5/7d1b4dd05dd8cdf8c61695c1023bdbc9,noise,no_registry_signal,,,
7d231227bcb3b35d9033ff9b6a1b7894,Elementary Vocabulary + Grammar. The Keys: for Beginners and Pre-Intermediate Students. Учебное пособие,Elementary Vocabulary + Grammar. The Keys: for Beginners and Pre-Intermediate Students. Учебное пособие.pdf,Gene Keys,https://annas-archive.org/md5/7d231227bcb3b35d9033ff9b6a1b7894,noise,no_registry_signal,,,
7f0593eafe260eb32678c79270d526b3,The Keys. Ключи к учебным пособиям «English Grammar. Reference & Practice» и «English Grammar. Test File»,,Gene Keys,https://annas-archive.org/md5/7f0593eafe260eb32678c79270d526b3,noise,no_registry_signal,,,
7fc1ee48f92e35fb0dfcf438b52fdc73,5. Ancient & Classical Civilizations Series,,Gene Keys,https://annas-archive.org/md5/7fc1ee48f92e35fb0dfcf438b52fdc73,noise,no_registry_signal,,,
826d9e60a4e27f605a07c3f849b1e3a2,拉乌卢胡的人类大预言,,Ra Uru Hu,https://annas-archive.org/md5/826d9e60a4e27f605a07c3f849b1e3a2,noise,no_registry_signal,,,
82d822dbf2c5c3914c6f69d88e5ba70a,Alicia Keys Masterclass Workbook,Alicia Keys Masterclass Workbook,Gene Keys,https://annas-archive.org/md5/82d822dbf2c5c3914c6f69d88e5ba70a,noise,no_registry_signal,,,
856bfbadbdbfed7614b36afbbdc47ded,Keys Of Power: Discover The Keys Of Power Used By Ancient Jewish Rabbis To Perform Their Mighty Deeds & Miracles,ancient jewish rabbis to perform their mighty deeds & miracles/856bfbadbdbfed7614b36afbbdc47ded.pdfkeys of power: discover the keys of power used,Gene Keys,https://annas-archive.org/md5/856bfbadbdbfed7614b36afbbdc47ded,noise,no_registry_signal,,,
8ab7f55c3f4d1c28c35f5322e1c450c1,Never Mind Final,Never Mind Final.pdf,Ra Uru Hu,https://annas-archive.org/md5/8ab7f55c3f4d1c28c35f5322e1c450c1,noise,no_registry_signal,,,
914970a84e1fff5f843a0a92862624b4,"Of Keys & Gates: The Resurrected, Vol. II (Call of Cthulhu)",2 /,Gene Keys,https://annas-archive.org/md5/914970a84e1fff5f843a0a92862624b4,noise,no_registry_signal,,,
940bc1f1715053d5cb07799c9cd90743,FOL 2010: Hyper-Time Exercises (Crystal Keys),,Gene Keys,https://annas-archive.org/md5/940bc1f1715053d5cb07799c9cd90743,noise,no_registry_signal,,,
971ca1769ac465cb6fe6f6f4baa903fc,5. Ancient & Classical Civilizations Series,,Gene Keys,https://annas-archive.org/md5/971ca1769ac465cb6fe6f6f4baa903fc,noise,no_registry_signal,,,
a040ea6213fb0a644bc990bcfbe7cacf,Keys To Lolita,,Gene Keys,https://annas-archive.org/md5/a040ea6213fb0a644bc990bcfbe7cacf,noise,no_registry_signal,,,
ad8f17f8b029fcbf04f687615408b5a6,The Heavenly Two (Tarot Keys),The Heavenly Two,Gene Keys,https://annas-archive.org/md5/ad8f17f8b029fcbf04f687615408b5a6,noise,no_registry_signal,,,
af6b23c8e3bb3e83a6dc2cf584ec5dab,2,More Books on Beliefs/Esoteric/Esoteric Library/T/The Six Keys of Eudoxus.pdf,Gene Keys,https://annas-archive.org/md5/af6b23c8e3bb3e83a6dc2cf584ec5dab,noise,no_registry_signal,,,
b5727d8a1f58e20c3837cb75c81d8f95,The Keys. English Grammar. Reference and Practice. Version 2.0,,Gene Keys,https://annas-archive.org/md5/b5727d8a1f58e20c3837cb75c81d8f95,noise,no_registry_signal,,,
b58523fb760cc68e66e783f2f032344e,5. Ancient & Classical Civilizations Series,,Gene Keys,https://annas-archive.org/md5/b58523fb760cc68e66e783f2f032344e,noise,no_registry_signal,,,
b811e736cddd826dcd6116277cc0c6eb,5. Ancient & Classical Civilizations Series,,Gene Keys,https://annas-archive.org/md5/b811e736cddd826dcd6116277cc0c6eb,noise,no_registry_signal,,,
bee76cf10c093091f023c42217b44464,The 7 Hidden Keys to Conscious Creation: A Journey of Profound Self Discovery and Reclaiming Your “True Power”,"ancient timeless wisdom that will elevate your ""beliefs"" about yourself and your ""true power"".",Gene Keys,https://annas-archive.org/md5/bee76cf10c093091f023c42217b44464,noise,no_registry_signal,,,
c71beb6268aea0ea66a881b9a9afed8f,5. Ancient & Classical Civilizations Series,,Gene Keys,https://annas-archive.org/md5/c71beb6268aea0ea66a881b9a9afed8f,noise,no_registry_signal,,,
c96fdb18f182e64c8388afc70b15ce00,Elementary Vocabulary + Grammar. The Keys: for Beginners and Pre-Intermediate Students. Учебное пособие,,Gene Keys,https://annas-archive.org/md5/c96fdb18f182e64c8388afc70b15ce00,noise,no_registry_signal,,,
cb980d79d38909ec54b2b0594a31a503,Science. Workbook with Keys. For Primary Students,,Gene Keys,https://annas-archive.org/md5/cb980d79d38909ec54b2b0594a31a503,noise,no_registry_signal,,,
d04c4044bc37b4703aa75ab07c53a65c,Questions & Answers about the Arabic Language,خرج المدرس الفصل &                             Jumla Ismiyya - المدرس خرج الفصل Normally both the sentences are translated the sa,Gene Keys,https://annas-archive.org/md5/d04c4044bc37b4703aa75ab07c53a65c,noise,no_registry_signal,,,
d1b75a67f41d1b46c1e330b64ba75c15,Mathematics. Workbook with Keys. For Primary Students,,Gene Keys,https://annas-archive.org/md5/d1b75a67f41d1b46c1e330b64ba75c15,noise,no_registry_signal,,,
d4480996dc778770391dc6802910b79f,Keys for Leadership (Keys For...),Keys for Leadership,Gene Keys,https://annas-archive.org/md5/d4480996dc778770391dc6802910b79f,noise,no_registry_signal,,,
d495d00be40ec277901cb5160fe2cbdc,5. Ancient & Classical Civilizations Series,,Gene Keys,https://annas-archive.org/md5/d495d00be40ec277901cb5160fe2cbdc,noise,no_registry_signal,,,
d6a95d6ed3fe1a7e9b1b57c1c1d0dbf9,New Cambridge Advanced English (Teacher's book keys),18 p.,Gene Keys,https://annas-archive.org/md5/d6a95d6ed3fe1a7e9b1b57c1c1d0dbf9,noise,no_registry_signal,,,
d7746f6bf70218f02366a3c322d6cdb5,"EFFECTIVE COMMUNICATION SKILLS: The Nine-Keys Guidebook for Developing the Art of Persuasion through Public Speaking, Social Intelligence, Verbal Dexterity, Charisma, and Eloquence",EFFECTIVE COMMUNICATION SKILLS: The Nine-Keys Guidebook for Developing the Art of Persuasion through Public Speaking,Gene Keys,https://annas-archive.org/md5/d7746f6bf70218f02366a3c322d6cdb5,noise,no_registry_signal,,,
dc8af59be8e76e45d3e838bd3ee0b1ec,Keys For Mastering Ascension: Veca Codes Seals,,Gene Keys,https://annas-archive.org/md5/dc8af59be8e76e45d3e838bd3ee0b1ec,noise,no_registry_signal,,,
e4cdeee8da1f63350b8a99fa96e8c184,Forbidden Keys to Persuasion,,Gene Keys,https://annas-archive.org/md5/e4cdeee8da1f63350b8a99fa96e8c184,noise,no_registry_signal,,,
ecae9ea1ed390788676342bf46cf7cef,Keys for Mastering Ascension Manual,,Gene Keys,https://annas-archive.org/md5/ecae9ea1ed390788676342bf46cf7cef,noise,no_registry_signal,,,
ed1b41cf5def5ed711b4a1bf745d361d,Korg Volca Keys,The Expert Guide/ed1b41cf5def5ed711b4a1bf745d361d.pdf,Gene Keys,https://annas-archive.org/md5/ed1b41cf5def5ed711b4a1bf745d361d,noise,no_registry_signal,,,
f203d9f2f8f1c1ff37b5bec3b33ec612,The Pass-Keys to Alchemy. The Lost Book of Lapidus (Modern Magistery series),which was written by Curwen under the nom de plume Lapidus - constituted the sole alchemical text penned by the enigmatic alchemist Lapidus. The truth is that Curwen wrote a second text which,Gene Keys,https://annas-archive.org/md5/f203d9f2f8f1c1ff37b5bec3b33ec612,noise,no_registry_signal,,,
f79cfdf3ed8f9c2d518d86a16297f8fd,Keys Of Power: Discover The Keys Of Power Used By Ancient Jewish Rabbis To Perform Their Mighty Deeds & Miracles,ancient jewish rabbis to perform their mighty deeds & miracles/f79cfdf3ed8f9c2d518d86a16297f8fd.pdfkeys of power: discover the keys of power used,Gene Keys,https://annas-archive.org/md5/f79cfdf3ed8f9c2d518d86a16297f8fd,noise,no_registry_signal,,,
