relative_path,top_folder,bucket,filename,extension,md5_annas,title_from_filename,author_from_filename,size_bytes
akan/Akan-Ashanti Folk-tales -- Rattray R_S_ -- 663224a9bfa819d358062569bf0aa71f.pdf,akan,akan,Akan-Ashanti Folk-tales -- Rattray R_S_ -- 663224a9bfa819d358062569bf0aa71f.pdf,.pdf,663224a9bfa819d358062569bf0aa71f,Akan-Ashanti Folk-tales,Rattray R_S_,13712110
"akan/An essay on African philosophical thought _ the Akan -- Gyekye, Kwame -- Rev_ ed_, Philadelphia, Pennsylvania, 1995 -- Philadelphia _ Temple -- isbn13 9781566393805 -- 8a6588dc002aa171312401d102441209.pdf",akan,akan,"An essay on African philosophical thought _ the Akan -- Gyekye, Kwame -- Rev_ ed_, Philadelphia, Pennsylvania, 1995 -- Philadelphia _ Temple -- isbn13 9781566393805 -- 8a6588dc002aa171312401d102441209.pdf",.pdf,8a6588dc002aa171312401d102441209,An essay on African philosophical thought _ the Akan,"Gyekye, Kwame",11046624
akan/Ashanti -- Capt_ R_ S_ Rattray -- eab62623f2e1fe1d68f9a22cae963790.pdf,akan,akan,Ashanti -- Capt_ R_ S_ Rattray -- eab62623f2e1fe1d68f9a22cae963790.pdf,.pdf,eab62623f2e1fe1d68f9a22cae963790,Ashanti,Capt_ R_ S_ Rattray,24103407
"archiv/Ancient Astrology in Theory and Practice_ A Manual of -- Demetra George, Chris Brennan -- Illustrated, PS, 2019 -- Rubedo Press -- isbn13 9780473445393 -- 179f3a10f9781350a15bc5256ad089a3.pdf",archiv,archiv,"Ancient Astrology in Theory and Practice_ A Manual of -- Demetra George, Chris Brennan -- Illustrated, PS, 2019 -- Rubedo Press -- isbn13 9780473445393 -- 179f3a10f9781350a15bc5256ad089a3.pdf",.pdf,179f3a10f9781350a15bc5256ad089a3,Ancient Astrology in Theory and Practice_ A Manual of,"Demetra George, Chris Brennan",41314314
archiv/Christian-Astrology-II -- William-Lilly -- c43f8b598f78793682c90fca57a90dca -- Anna’s Archive.pdf,archiv,archiv,Christian-Astrology-II -- William-Lilly -- c43f8b598f78793682c90fca57a90dca -- Anna’s Archive.pdf,.pdf,c43f8b598f78793682c90fca57a90dca,Christian-Astrology-II,William-Lilly,3172638
"archiv/Four treatises of Theophrastus von Hohenheim, called -- Paracelsus; Henry Sigerest -- 2010 -- The Johns Hopkins University Press -- isbn13 9780801855238 -- 024a9459d69f45b744b4873dbac8286c -- Anna’s Archive.epub",archiv,archiv,"Four treatises of Theophrastus von Hohenheim, called -- Paracelsus; Henry Sigerest -- 2010 -- The Johns Hopkins University Press -- isbn13 9780801855238 -- 024a9459d69f45b744b4873dbac8286c -- Anna’s Archive.epub",.epub,024a9459d69f45b744b4873dbac8286c,"Four treatises of Theophrastus von Hohenheim, called",Paracelsus; Henry Sigerest,752621
"archiv/I Ching, The Oracle of the Cosmic Way -- Moog, Hanna & Anthony, Carol K_ -- 2011 -- ICHINGBOOKS -- 812546694fbc51e0c7103c41c0929d4b -- Anna’s Archive.epub",archiv,archiv,"I Ching, The Oracle of the Cosmic Way -- Moog, Hanna & Anthony, Carol K_ -- 2011 -- ICHINGBOOKS -- 812546694fbc51e0c7103c41c0929d4b -- Anna’s Archive.epub",.epub,812546694fbc51e0c7103c41c0929d4b,"I Ching, The Oracle of the Cosmic Way","Moog, Hanna & Anthony, Carol K_",1259706
"archiv/The Complete Rave I'Ching -- Hu, Ra Uru -- US, 2011 -- CreateSpace Independent Publishing Platform -- isbn13 9781463639457 -- 6d435cc45d582500d99b71f9c2811951 -- Anna’s Archive.pdf",archiv,archiv,"The Complete Rave I'Ching -- Hu, Ra Uru -- US, 2011 -- CreateSpace Independent Publishing Platform -- isbn13 9781463639457 -- 6d435cc45d582500d99b71f9c2811951 -- Anna’s Archive.pdf",.pdf,6d435cc45d582500d99b71f9c2811951,The Complete Rave I'Ching,"Hu, Ra Uru",8703142
archiv/The Complete Rave I’Ching ( human design) -- Ra Uru Hu -- 262ddb6c289dfc294a497b40c7c37225 -- Anna’s Archive.pdf,archiv,archiv,The Complete Rave I’Ching ( human design) -- Ra Uru Hu -- 262ddb6c289dfc294a497b40c7c37225 -- Anna’s Archive.pdf,.pdf,262ddb6c289dfc294a497b40c7c37225,The Complete Rave I’Ching ( human design),Ra Uru Hu,9875709
"archiv/The Life Force _ the Channels, an investigation for -- Ra Uru Hu -- c0595584888bbacf1507c36c743b3d88 -- Anna’s Archive.epub",archiv,archiv,"The Life Force _ the Channels, an investigation for -- Ra Uru Hu -- c0595584888bbacf1507c36c743b3d88 -- Anna’s Archive.epub",.epub,c0595584888bbacf1507c36c743b3d88,"The Life Force _ the Channels, an investigation for",Ra Uru Hu,4900414
"astro/Ancient Astrology in Theory and Practice_ A Manual of -- Demetra George -- Auckland, New Zealand, 2022 -- Rubedo Press -- isbn13 9780473445393 -- cc0bd94229290713bff61ef3968b9c28.pdf",astro,astro,"Ancient Astrology in Theory and Practice_ A Manual of -- Demetra George -- Auckland, New Zealand, 2022 -- Rubedo Press -- isbn13 9780473445393 -- cc0bd94229290713bff61ef3968b9c28.pdf",.pdf,cc0bd94229290713bff61ef3968b9c28,Ancient Astrology in Theory and Practice_ A Manual of,Demetra George,56521554
astro/Christian Astrology - All Three Volumes -- William Lilly -- c23c88ec29b8d5abc4dbf9a260d50232.pdf,astro,astro,Christian Astrology - All Three Volumes -- William Lilly -- c23c88ec29b8d5abc4dbf9a260d50232.pdf,.pdf,c23c88ec29b8d5abc4dbf9a260d50232,Christian Astrology - All Three Volumes,William Lilly,12284502
"astro/Dorotheus, Orpheus, Anubio & Pseudo-Valens_ Teachings on -- Dorotheus, Orpheus, Anubio & Pseudo-Valens, Robert Hand -- 1995 -- 2034771d5968de8d5a332bb062c9be3a -- Anna’s Archive.pdf",astro,astro,"Dorotheus, Orpheus, Anubio & Pseudo-Valens_ Teachings on -- Dorotheus, Orpheus, Anubio & Pseudo-Valens, Robert Hand -- 1995 -- 2034771d5968de8d5a332bb062c9be3a -- Anna’s Archive.pdf",.pdf,2034771d5968de8d5a332bb062c9be3a,"Dorotheus, Orpheus, Anubio & Pseudo-Valens_ Teachings on","Dorotheus, Orpheus, Anubio & Pseudo-Valens, Robert Hand",27450974
"astro/K2/Claudius Ptolemy - Tetrabiblos, Book I__text - Greek Track -- Claudius Ptolemy, Robert Schmidt, Robert Hand -- Greek Track, 5, 1994 -- Golden Hind -- 4b90a3c04e568adeec9e6fc654355b57 -- Anna’s Archive.pdf",astro,astro,"Claudius Ptolemy - Tetrabiblos, Book I__text - Greek Track -- Claudius Ptolemy, Robert Schmidt, Robert Hand -- Greek Track, 5, 1994 -- Golden Hind -- 4b90a3c04e568adeec9e6fc654355b57 -- Anna’s Archive.pdf",.pdf,4b90a3c04e568adeec9e6fc654355b57,"Claudius Ptolemy - Tetrabiblos, Book I__text - Greek Track","Claudius Ptolemy, Robert Schmidt, Robert Hand",2543600
astro/K4/Tetrabiblos -- Peter J_ Clark -- 2006 -- f09efdc39fdca373cf532497824924b2 -- Anna’s Archive.pdf,astro,astro,Tetrabiblos -- Peter J_ Clark -- 2006 -- f09efdc39fdca373cf532497824924b2 -- Anna’s Archive.pdf,.pdf,f09efdc39fdca373cf532497824924b2,Tetrabiblos,Peter J_ Clark,1290446
"astro/Planets in Transit_ Life Cycles for Living (The Planet -- Hand, Robert -- 9th print, Rockport, Mass, 1983 -- Para Research -- isbn13 9780914918042 -- 5bfb5d4044ddef736d68344250d12fd4 -- Anna’s Archive.pdf",astro,astro,"Planets in Transit_ Life Cycles for Living (The Planet -- Hand, Robert -- 9th print, Rockport, Mass, 1983 -- Para Research -- isbn13 9780914918042 -- 5bfb5d4044ddef736d68344250d12fd4 -- Anna’s Archive.pdf",.pdf,5bfb5d4044ddef736d68344250d12fd4,Planets in Transit_ Life Cycles for Living (The Planet,"Hand, Robert",14658397
"astro/The astrology of personality _ a re-formulation of -- Dane Rudhyar -- 1987-12-01 -- Aurora Press, Incorporated -- isbn13 9780943358253 -- 435f03bc08534740b085616654b6a88f -- Anna’s Archive.pdf",astro,astro,"The astrology of personality _ a re-formulation of -- Dane Rudhyar -- 1987-12-01 -- Aurora Press, Incorporated -- isbn13 9780943358253 -- 435f03bc08534740b085616654b6a88f -- Anna’s Archive.pdf",.pdf,435f03bc08534740b085616654b6a88f,The astrology of personality _ a re-formulation of,Dane Rudhyar,5466668
"bazi/K2+K3/BaZi - Bazi - The Destiny Code COMBINED Book 1 and Book 2 - -- Joey Yap -- 2nd Edition edition, February 1, 2005 -- Joey Yap Research Group -- isbn13 9789833332014 -- 58c78ecd41275b1fb96c60f0948ad251 -- Anna’s Archive.pdf",bazi,bazi,"BaZi - Bazi - The Destiny Code COMBINED Book 1 and Book 2 - -- Joey Yap -- 2nd Edition edition, February 1, 2005 -- Joey Yap Research Group -- isbn13 9789833332014 -- 58c78ecd41275b1fb96c60f0948ad251 -- Anna’s Archive.pdf",.pdf,58c78ecd41275b1fb96c60f0948ad251,BaZi - Bazi - The Destiny Code COMBINED Book 1 and Book 2 -,Joey Yap,64776219
bazi/K2+K3/三命通会 上 -- (明)万明英撰;陈明释 -- 2008 -- 北京_中医古籍出版社 -- isbn13 9787801746634 -- 5793f92af01976a8bd9a6c85a6a3e0e2 -- Anna’s Archive.pdf,bazi,bazi,三命通会 上 -- (明)万明英撰;陈明释 -- 2008 -- 北京_中医古籍出版社 -- isbn13 9787801746634 -- 5793f92af01976a8bd9a6c85a6a3e0e2 -- Anna’s Archive.pdf,.pdf,5793f92af01976a8bd9a6c85a6a3e0e2,三命通会 上,(明)万明英撰;陈明释,27303147
bazi/K2+K3/三命通会 下 -- （明）万明英撰；陈明释 -- 2008 -- 北京_中医古籍出版社 -- isbn13 9787801746634 -- 2d19933bc416e28fc2e073f91ee6035b -- Anna’s Archive.pdf,bazi,bazi,三命通会 下 -- （明）万明英撰；陈明释 -- 2008 -- 北京_中医古籍出版社 -- isbn13 9787801746634 -- 2d19933bc416e28fc2e073f91ee6035b -- Anna’s Archive.pdf,.pdf,2d19933bc416e28fc2e073f91ee6035b,三命通会 下,（明）万明英撰；陈明释,27554711
"bazi/K2+K3/四库存目子平汇刊 1 渊海子平大全 -- 郑同编撰整理, (宋)徐子平撰 , 郑同编, 徐子平, 郑同, [ Song ] Xu Zi Ping, 徐子平, -- 2014, 2014 -- 北京_华龄出版社 -- isbn13 9787516904473 -- 0b74d33ad404cb5051f7ac4a2323f9.pdf",bazi,bazi,"四库存目子平汇刊 1 渊海子平大全 -- 郑同编撰整理, (宋)徐子平撰 , 郑同编, 徐子平, 郑同, [ Song ] Xu Zi Ping, 徐子平, -- 2014, 2014 -- 北京_华龄出版社 -- isbn13 9787516904473 -- 0b74d33ad404cb5051f7ac4a2323f9.pdf",.pdf,,四库存目子平汇刊 1 渊海子平大全,"郑同编撰整理, (宋)徐子平撰 , 郑同编, 徐子平, 郑同, [ Song ] Xu Zi Ping, 徐子平,",45667176
"bazi/K3/The Power of X_ Analysing the 10 Gods (The Destiny Code, #4) -- Joey Yap -- The Destiny Code;The Power of X, First Edition, 2012 -- Jy Books Sdn_ Bhd_ -- isbn13 9789670310350 -- 02940b74161a9cf4c210d1b81b0de14d -- Anna’s Archive.pdf",bazi,bazi,"The Power of X_ Analysing the 10 Gods (The Destiny Code, #4) -- Joey Yap -- The Destiny Code;The Power of X, First Edition, 2012 -- Jy Books Sdn_ Bhd_ -- isbn13 9789670310350 -- 02940b74161a9cf4c210d1b81b0de14d -- Anna’s Archive.pdf",.pdf,02940b74161a9cf4c210d1b81b0de14d,"The Power of X_ Analysing the 10 Gods (The Destiny Code, #4)",Joey Yap,22206369
"bazi/K3/The Power of X_ Enter the 10 Gods (The Destiny Code, #3) -- Joey Yap_ -- The Destiny Code;The Power of X, 1, 2011 -- Jy Books Sdn_ Bhd_ (joey Yap) -- isbn13 9789675395918 -- 11fd708ddfc3e78fdbcc80616b2769d0 -- Anna’s Archive.pdf",bazi,bazi,"The Power of X_ Enter the 10 Gods (The Destiny Code, #3) -- Joey Yap_ -- The Destiny Code;The Power of X, 1, 2011 -- Jy Books Sdn_ Bhd_ (joey Yap) -- isbn13 9789675395918 -- 11fd708ddfc3e78fdbcc80616b2769d0 -- Anna’s Archive.pdf",.pdf,11fd708ddfc3e78fdbcc80616b2769d0,"The Power of X_ Enter the 10 Gods (The Destiny Code, #3)",Joey Yap_,19250033
"bazi/K3/The Power of X_ Qualifying the 10 Gods (The Destiny Code, -- Joey Yap -- The Destiny Code;The Power of X, UK ed_, 2012 -- JY Productions Sdn Bhd -- isbn13 9789670310251 -- d37030b094363ad265dee76ca257a081 -- Anna’s Archive.pdf",bazi,bazi,"The Power of X_ Qualifying the 10 Gods (The Destiny Code, -- Joey Yap -- The Destiny Code;The Power of X, UK ed_, 2012 -- JY Productions Sdn Bhd -- isbn13 9789670310251 -- d37030b094363ad265dee76ca257a081 -- Anna’s Archive.pdf",.pdf,d37030b094363ad265dee76ca257a081,"The Power of X_ Qualifying the 10 Gods (The Destiny Code,",Joey Yap,24476723
"bazi/K3/中国古代术数全书 滴天髓 -- (宋)京图撰;(明)刘基注;(清)任铁樵疏;孙正治点校, Jing Tu zhuan, Liu Ji zhu, Ren -- 1994, 1994 -- 郑州_中州古籍出版社 -- isbn13 9787534812729 -- af1a8690f8356235e1dcf1e55997daf2.pdf",bazi,bazi,"中国古代术数全书 滴天髓 -- (宋)京图撰;(明)刘基注;(清)任铁樵疏;孙正治点校, Jing Tu zhuan, Liu Ji zhu, Ren -- 1994, 1994 -- 郑州_中州古籍出版社 -- isbn13 9787534812729 -- af1a8690f8356235e1dcf1e55997daf2.pdf",.pdf,af1a8690f8356235e1dcf1e55997daf2,中国古代术数全书 滴天髓,"(宋)京图撰;(明)刘基注;(清)任铁樵疏;孙正治点校, Jing Tu zhuan, Liu Ji zhu, Ren",67305055
"bazi/K3/四库存目 子平汇刊 5 穷通宝鉴评注 -- (清)徐乐吾注 -- 四库存目子平汇刊, 2015 -- 北京：华龄出版社 -- isbn13 9787516905128 -- 4f8bd8e25832d5ca180123fc079d9b88 -- Anna’s Archive.pdf",bazi,bazi,"四库存目 子平汇刊 5 穷通宝鉴评注 -- (清)徐乐吾注 -- 四库存目子平汇刊, 2015 -- 北京：华龄出版社 -- isbn13 9787516905128 -- 4f8bd8e25832d5ca180123fc079d9b88 -- Anna’s Archive.pdf",.pdf,4f8bd8e25832d5ca180123fc079d9b88,四库存目 子平汇刊 5 穷通宝鉴评注,(清)徐乐吾注,41752194
"bazi/K3/子平精粹 2 秘授滴天髓阐微 -- (明)刘伯温著, Jing Tu yuan zhu, Liu Bowen zhu, Ren Tieqiao zhu, -- 2010, 2010 -- 北京：华龄出版社 -- isbn13 9787801787118 -- caed818f366d45975c5a8a5f368b485c.pdf",bazi,bazi,"子平精粹 2 秘授滴天髓阐微 -- (明)刘伯温著, Jing Tu yuan zhu, Liu Bowen zhu, Ren Tieqiao zhu, -- 2010, 2010 -- 北京：华龄出版社 -- isbn13 9787801787118 -- caed818f366d45975c5a8a5f368b485c.pdf",.pdf,caed818f366d45975c5a8a5f368b485c,子平精粹 2 秘授滴天髓阐微,"(明)刘伯温著, Jing Tu yuan zhu, Liu Bowen zhu, Ren Tieqiao zhu,",169852481
"bazi/klassisch/K4/BaZi Essentials - The Ten Day Masters - Bing (Yang Fire) -- Joey Yap -- BaZi Essentials, 1st, 2009 -- JY Books Sdn_ Bhd_ -- cd8672ce46620ffec72b2d895b71c3e2 -- Anna’s Archive.pdf",bazi,bazi,"BaZi Essentials - The Ten Day Masters - Bing (Yang Fire) -- Joey Yap -- BaZi Essentials, 1st, 2009 -- JY Books Sdn_ Bhd_ -- cd8672ce46620ffec72b2d895b71c3e2 -- Anna’s Archive.pdf",.pdf,cd8672ce46620ffec72b2d895b71c3e2,BaZi Essentials - The Ten Day Masters - Bing (Yang Fire),Joey Yap,46530850
"bazi/klassisch/K4/BaZi Essentials - The Ten Day Masters - Ding (Yin Fire) -- Joey Yap -- BaZi Essentials, 1st, 2009 -- JY Books Sdn_ Bhd_ -- a6d88b587a70d968b2ce3fa05ffa1366 -- Anna’s Archive.pdf",bazi,bazi,"BaZi Essentials - The Ten Day Masters - Ding (Yin Fire) -- Joey Yap -- BaZi Essentials, 1st, 2009 -- JY Books Sdn_ Bhd_ -- a6d88b587a70d968b2ce3fa05ffa1366 -- Anna’s Archive.pdf",.pdf,a6d88b587a70d968b2ce3fa05ffa1366,BaZi Essentials - The Ten Day Masters - Ding (Yin Fire),Joey Yap,45995334
"bazi/klassisch/K4/BaZi Essentials - The Ten Day Masters - Geng (Yang Metal) -- Joey Yap -- BaZi Essentials, 1st, 2009 -- JY Books Sdn_ Bhd_ -- 81970458e683c785171eb93326a97dfc -- Anna’s Archive.pdf",bazi,bazi,"BaZi Essentials - The Ten Day Masters - Geng (Yang Metal) -- Joey Yap -- BaZi Essentials, 1st, 2009 -- JY Books Sdn_ Bhd_ -- 81970458e683c785171eb93326a97dfc -- Anna’s Archive.pdf",.pdf,81970458e683c785171eb93326a97dfc,BaZi Essentials - The Ten Day Masters - Geng (Yang Metal),Joey Yap,45640529
"bazi/klassisch/K4/BaZi Essentials - The Ten Day Masters - Gui (Yin Water) -- Joey Yap -- BaZi Essentials, 1st, 2009 -- JY Books Sdn_ Bhd_ -- 5cbd41ee8e2661a8153e57391d46c965 -- Anna’s Archive.pdf",bazi,bazi,"BaZi Essentials - The Ten Day Masters - Gui (Yin Water) -- Joey Yap -- BaZi Essentials, 1st, 2009 -- JY Books Sdn_ Bhd_ -- 5cbd41ee8e2661a8153e57391d46c965 -- Anna’s Archive.pdf",.pdf,5cbd41ee8e2661a8153e57391d46c965,BaZi Essentials - The Ten Day Masters - Gui (Yin Water),Joey Yap,45807926
"bazi/klassisch/K4/Bazi Essentials - The Ten Day Masters - Ji (Yin Earth) -- Joey Yap -- BaZi Essentials, 1st, 2009 -- JY Books Sdn_ Bhd_ -- 01fd08ad3c8ae571bc864be8078e9020 -- Anna’s Archive.pdf",bazi,bazi,"Bazi Essentials - The Ten Day Masters - Ji (Yin Earth) -- Joey Yap -- BaZi Essentials, 1st, 2009 -- JY Books Sdn_ Bhd_ -- 01fd08ad3c8ae571bc864be8078e9020 -- Anna’s Archive.pdf",.pdf,01fd08ad3c8ae571bc864be8078e9020,Bazi Essentials - The Ten Day Masters - Ji (Yin Earth),Joey Yap,40413734
"bazi/klassisch/K4/BaZi Essentials - The Ten Day Masters - Jia (Yang Wood) -- Joey Yap -- BaZi Essentials, 1st, 2009 -- JY Books Sdn_ Bhd_ -- 8f69811f6726c574f8c23aa2554fe02f -- Anna’s Archive.pdf",bazi,bazi,"BaZi Essentials - The Ten Day Masters - Jia (Yang Wood) -- Joey Yap -- BaZi Essentials, 1st, 2009 -- JY Books Sdn_ Bhd_ -- 8f69811f6726c574f8c23aa2554fe02f -- Anna’s Archive.pdf",.pdf,8f69811f6726c574f8c23aa2554fe02f,BaZi Essentials - The Ten Day Masters - Jia (Yang Wood),Joey Yap,46817673
"bazi/klassisch/K4/BaZi Essentials - The Ten Day Masters - Ren (Yang Water) -- Joey Yap -- BaZi Essentials, 1st, 2009 -- JY Books Sdn_ Bhd_ -- 69c75b12470323cee72c093dd180126d -- Anna’s Archive.pdf",bazi,bazi,"BaZi Essentials - The Ten Day Masters - Ren (Yang Water) -- Joey Yap -- BaZi Essentials, 1st, 2009 -- JY Books Sdn_ Bhd_ -- 69c75b12470323cee72c093dd180126d -- Anna’s Archive.pdf",.pdf,69c75b12470323cee72c093dd180126d,BaZi Essentials - The Ten Day Masters - Ren (Yang Water),Joey Yap,41888466
"bazi/klassisch/K4/BaZi Essentials - The Ten Day Masters - Wu (Yang Earth) -- Joey Yap -- BaZi Essentials, 1st, 2009 -- JY Books Sdn_ Bhd_ -- c85f43ea9d3faa91186aadda9a63b9df -- Anna’s Archive.pdf",bazi,bazi,"BaZi Essentials - The Ten Day Masters - Wu (Yang Earth) -- Joey Yap -- BaZi Essentials, 1st, 2009 -- JY Books Sdn_ Bhd_ -- c85f43ea9d3faa91186aadda9a63b9df -- Anna’s Archive.pdf",.pdf,c85f43ea9d3faa91186aadda9a63b9df,BaZi Essentials - The Ten Day Masters - Wu (Yang Earth),Joey Yap,46384669
"bazi/klassisch/K4/BaZi Essentials - The Ten Day Masters - Xin (Yin Metal) -- Joey Yap -- BaZi Essentials, 1st, 2009 -- JY Books Sdn_ Bhd_ -- 5203332f3bd42d574cda0aab4b7289b6 -- Anna’s Archive.pdf",bazi,bazi,"BaZi Essentials - The Ten Day Masters - Xin (Yin Metal) -- Joey Yap -- BaZi Essentials, 1st, 2009 -- JY Books Sdn_ Bhd_ -- 5203332f3bd42d574cda0aab4b7289b6 -- Anna’s Archive.pdf",.pdf,5203332f3bd42d574cda0aab4b7289b6,BaZi Essentials - The Ten Day Masters - Xin (Yin Metal),Joey Yap,43996562
"bazi/klassisch/K4/BaZi Essentials - The Ten Day Masters - Yi (Yin Wood) -- Joey Yap -- BaZi Essentials, 1st, 2009 -- JY Books Sdn_ Bhd_ -- b43ef9cba617e134725ea779be855b77 -- Anna’s Archive.pdf",bazi,bazi,"BaZi Essentials - The Ten Day Masters - Yi (Yin Wood) -- Joey Yap -- BaZi Essentials, 1st, 2009 -- JY Books Sdn_ Bhd_ -- b43ef9cba617e134725ea779be855b77 -- Anna’s Archive.pdf",.pdf,b43ef9cba617e134725ea779be855b77,BaZi Essentials - The Ten Day Masters - Yi (Yin Wood),Joey Yap,39313464
bazi/klassisch/K4/The Bazi 60 Pillars - BING Fire -- Joey Yap -- 2018 -- JY Productions Sdn Bhd -- b3d035c1aa6a6d7b803bae802739dd97 -- Anna’s Archive.azw3,bazi,bazi,The Bazi 60 Pillars - BING Fire -- Joey Yap -- 2018 -- JY Productions Sdn Bhd -- b3d035c1aa6a6d7b803bae802739dd97 -- Anna’s Archive.azw3,.azw3,b3d035c1aa6a6d7b803bae802739dd97,The Bazi 60 Pillars - BING Fire,Joey Yap,7163812
bazi/klassisch/K4/The Bazi 60 Pillars - Ding_ The Life Analysis Method -- Joey Yap -- 2016 -- JY Productions Sdn Bhd -- b73f785a07189ec8644bd7e9ec86c602 -- Anna’s Archive.pdf,bazi,bazi,The Bazi 60 Pillars - Ding_ The Life Analysis Method -- Joey Yap -- 2016 -- JY Productions Sdn Bhd -- b73f785a07189ec8644bd7e9ec86c602 -- Anna’s Archive.pdf,.pdf,b73f785a07189ec8644bd7e9ec86c602,The Bazi 60 Pillars - Ding_ The Life Analysis Method,Joey Yap,85239283
"bazi/klassisch/K4/The Bazi 60 Pillars - JI Earth -- Yap, Joey -- 2018 -- Joey Yap Research Group -- 17f3eed7ae47327b3c44b3361a5f6f33 -- Anna’s Archive(1).epub",bazi,bazi,"The Bazi 60 Pillars - JI Earth -- Yap, Joey -- 2018 -- Joey Yap Research Group -- 17f3eed7ae47327b3c44b3361a5f6f33 -- Anna’s Archive(1).epub",.epub,17f3eed7ae47327b3c44b3361a5f6f33,The Bazi 60 Pillars - JI Earth,"Yap, Joey",5316089
"bazi/klassisch/K4/The Bazi 60 Pillars - JI Earth -- Yap, Joey -- 2018 -- Joey Yap Research Group -- 17f3eed7ae47327b3c44b3361a5f6f33 -- Anna’s Archive.epub",bazi,bazi,"The Bazi 60 Pillars - JI Earth -- Yap, Joey -- 2018 -- Joey Yap Research Group -- 17f3eed7ae47327b3c44b3361a5f6f33 -- Anna’s Archive.epub",.epub,17f3eed7ae47327b3c44b3361a5f6f33,The Bazi 60 Pillars - JI Earth,"Yap, Joey",5316089
bazi/klassisch/K4/The Bazi 60 Pillars - JIA Wood_ The Life Analysis Method -- Joey Yap -- 2018 -- JY Productions Sdn Bhd -- 866fc99a984ae8c0d098670b0f3b11ff -- Anna’s Archive.azw3,bazi,bazi,The Bazi 60 Pillars - JIA Wood_ The Life Analysis Method -- Joey Yap -- 2018 -- JY Productions Sdn Bhd -- 866fc99a984ae8c0d098670b0f3b11ff -- Anna’s Archive.azw3,.azw3,866fc99a984ae8c0d098670b0f3b11ff,The Bazi 60 Pillars - JIA Wood_ The Life Analysis Method,Joey Yap,5986176
bazi/klassisch/K4/The Bazi 60 Pillars - REN Water -- Joey Yap -- 2018 -- Joey Yap Research Group -- da050c3cad2161c3f2140321ac1ee43d -- Anna’s Archive.pdf,bazi,bazi,The Bazi 60 Pillars - REN Water -- Joey Yap -- 2018 -- Joey Yap Research Group -- da050c3cad2161c3f2140321ac1ee43d -- Anna’s Archive.pdf,.pdf,da050c3cad2161c3f2140321ac1ee43d,The Bazi 60 Pillars - REN Water,Joey Yap,13890221
bazi/klassisch/K4/The Bazi 60 Pillars - Yi_ The Life Analysis Method Revealed -- Joey Yap -- 2016 -- JY Productions Sdn Bhd -- 5f493a40c5e31ccf785661d1d4704899 -- Anna’s Archive.pdf,bazi,bazi,The Bazi 60 Pillars - Yi_ The Life Analysis Method Revealed -- Joey Yap -- 2016 -- JY Productions Sdn Bhd -- 5f493a40c5e31ccf785661d1d4704899 -- Anna’s Archive.pdf,.pdf,5f493a40c5e31ccf785661d1d4704899,The Bazi 60 Pillars - Yi_ The Life Analysis Method Revealed,Joey Yap,80628078
"bazi/klassisch/K4/The Bazi 60 Pillars Life Analysis Method - GUI Yin Water -- Joey Yap -- BaZi 60 pillars series, Kuala Lumpur, 2013 -- Joey Yap Research Group -- isbn13 9789670310824 -- e74b93a3e1bed6176c3860df8fe70e4e -- Anna’s Archive.pdf",bazi,bazi,"The Bazi 60 Pillars Life Analysis Method - GUI Yin Water -- Joey Yap -- BaZi 60 pillars series, Kuala Lumpur, 2013 -- Joey Yap Research Group -- isbn13 9789670310824 -- e74b93a3e1bed6176c3860df8fe70e4e -- Anna’s Archive.pdf",.pdf,e74b93a3e1bed6176c3860df8fe70e4e,The Bazi 60 Pillars Life Analysis Method - GUI Yin Water,Joey Yap,10718268
bazi/klassisch/K4/The BaZi 60 Pillars Life Analysis Method - Wu Earth -- Joey Yap -- 2013 -- e1171a1bc63eac9bf5ac9a462fdb861d -- Anna’s Archive.pdf,bazi,bazi,The BaZi 60 Pillars Life Analysis Method - Wu Earth -- Joey Yap -- 2013 -- e1171a1bc63eac9bf5ac9a462fdb861d -- Anna’s Archive.pdf,.pdf,e1171a1bc63eac9bf5ac9a462fdb861d,The BaZi 60 Pillars Life Analysis Method - Wu Earth,Joey Yap,4606060
"bazi/klassisch/K4/The Bazi 60 Pillars life analysis method _ Wu Yang Earth -- Joey Yap -- BaZi 60 pillars series, Kuala Lumpur, 2013 -- Joey Yap Research Group -- isbn13 9789670310787 -- 5ceb77b073cfa3e68665dc8ee3535be4 -- Anna’s Archive.pdf",bazi,bazi,"The Bazi 60 Pillars life analysis method _ Wu Yang Earth -- Joey Yap -- BaZi 60 pillars series, Kuala Lumpur, 2013 -- Joey Yap Research Group -- isbn13 9789670310787 -- 5ceb77b073cfa3e68665dc8ee3535be4 -- Anna’s Archive.pdf",.pdf,5ceb77b073cfa3e68665dc8ee3535be4,The Bazi 60 Pillars life analysis method _ Wu Yang Earth,Joey Yap,12424193
"bazi/klassisch/K4/The Bazi 60 Pillars Life Analysis Method_ Zin Metal -- Joey Yap -- 1, 2013 -- JY Books; JY Productions Sdn Bhd -- isbn13 9789670310817 -- 834984fb3f3ba64f1a2157221d9d2ed0 -- Anna’s Archive.pdf",bazi,bazi,"The Bazi 60 Pillars Life Analysis Method_ Zin Metal -- Joey Yap -- 1, 2013 -- JY Books; JY Productions Sdn Bhd -- isbn13 9789670310817 -- 834984fb3f3ba64f1a2157221d9d2ed0 -- Anna’s Archive.pdf",.pdf,834984fb3f3ba64f1a2157221d9d2ed0,The Bazi 60 Pillars Life Analysis Method_ Zin Metal,Joey Yap,26726367
"chakra/Anatomy of the Spirit _ The Seven Stages of Power and -- Caroline Myss -- S_I, 2013 -- Crown Publishing Group -- isbn13 9780609800140 -- 18ea53aee64f9cfdb06fdd37ae055c90 -- Anna’s Archive.pdf",chakra,chakra,"Anatomy of the Spirit _ The Seven Stages of Power and -- Caroline Myss -- S_I, 2013 -- Crown Publishing Group -- isbn13 9780609800140 -- 18ea53aee64f9cfdb06fdd37ae055c90 -- Anna’s Archive.pdf",.pdf,18ea53aee64f9cfdb06fdd37ae055c90,Anatomy of the Spirit _ The Seven Stages of Power and,Caroline Myss,2732355
"chakra/Chakras _ The Pathways To Success -- Judith, Anodea;Goodman, Lion -- 2014 -- JAICO PUBLISHING HOUSE -- isbn13 9788184956160 -- 99b16c78ad708449bc628c0daba75cda -- Anna’s Archive.pdf",chakra,chakra,"Chakras _ The Pathways To Success -- Judith, Anodea;Goodman, Lion -- 2014 -- JAICO PUBLISHING HOUSE -- isbn13 9788184956160 -- 99b16c78ad708449bc628c0daba75cda -- Anna’s Archive.pdf",.pdf,99b16c78ad708449bc628c0daba75cda,Chakras _ The Pathways To Success,"Judith, Anodea;Goodman, Lion",2136155
"chakra/Eastern Body, Western Mind _ Psychology and the Chakra -- Judith, Anodea -- 1st, 2011 -- Celestial Arts -- isbn13 9780307777935 -- abbf9f48e36fbf24b089dffc87e9dde1.pdf",chakra,chakra,"Eastern Body, Western Mind _ Psychology and the Chakra -- Judith, Anodea -- 1st, 2011 -- Celestial Arts -- isbn13 9780307777935 -- abbf9f48e36fbf24b089dffc87e9dde1.pdf",.pdf,abbf9f48e36fbf24b089dffc87e9dde1,"Eastern Body, Western Mind _ Psychology and the Chakra","Judith, Anodea",3005307
chakra/Introduction To Tantra Sastra -- Sir John Woodroffe -- 1980 -- Ganesh & Company -- 7f32e197048bc674361d78613051bbcf -- Anna’s Archive.pdf,chakra,chakra,Introduction To Tantra Sastra -- Sir John Woodroffe -- 1980 -- Ganesh & Company -- 7f32e197048bc674361d78613051bbcf -- Anna’s Archive.pdf,.pdf,7f32e197048bc674361d78613051bbcf,Introduction To Tantra Sastra,Sir John Woodroffe,16516944
"chakra/Light on Prānāyāma_ Prānāyāma Dīpikā -- B_K_S_ Iyengar; introduction by Yehudi Menuhin -- [New ed_], London, England, 1992 -- Aquarian Press; Thorsons -- isbn13 9781855382428 -- 0022e8b69a5f1652c852db19dc8b8615 -- Anna’s Archive.pdf",chakra,chakra,"Light on Prānāyāma_ Prānāyāma Dīpikā -- B_K_S_ Iyengar; introduction by Yehudi Menuhin -- [New ed_], London, England, 1992 -- Aquarian Press; Thorsons -- isbn13 9781855382428 -- 0022e8b69a5f1652c852db19dc8b8615 -- Anna’s Archive.pdf",.pdf,0022e8b69a5f1652c852db19dc8b8615,Light on Prānāyāma_ Prānāyāma Dīpikā,B_K_S_ Iyengar; introduction by Yehudi Menuhin,15365204
"chakra/Mahanirvana tantra (tantra of the great liberation) -- Arthur Avalon; John Woodroffe -- June 30, 2004 -- Kessinger Publishing, LLC -- isbn13 9781419132070 -- 1bfaed3d694292f92969b4324abdb004 -- Anna’s Archive.pdf",chakra,chakra,"Mahanirvana tantra (tantra of the great liberation) -- Arthur Avalon; John Woodroffe -- June 30, 2004 -- Kessinger Publishing, LLC -- isbn13 9781419132070 -- 1bfaed3d694292f92969b4324abdb004 -- Anna’s Archive.pdf",.pdf,1bfaed3d694292f92969b4324abdb004,Mahanirvana tantra (tantra of the great liberation),Arthur Avalon; John Woodroffe,1282198
"chakra/Shakti und Shākta _ Lehre und Ritual der Tantra-Shāstras -- by Arthur Avalon (Sir John Woodroffe) -- New York, New York State, 1978 -- Dover -- isbn13 9780486236452 -- 34f9988be4d01ca61bd61aed67b2cf36 -- Anna’s Archive.pdf",chakra,chakra,"Shakti und Shākta _ Lehre und Ritual der Tantra-Shāstras -- by Arthur Avalon (Sir John Woodroffe) -- New York, New York State, 1978 -- Dover -- isbn13 9780486236452 -- 34f9988be4d01ca61bd61aed67b2cf36 -- Anna’s Archive.pdf",.pdf,34f9988be4d01ca61bd61aed67b2cf36,Shakti und Shākta _ Lehre und Ritual der Tantra-Shāstras,by Arthur Avalon (Sir John Woodroffe),33802752
chakra/The Garland of Letters Studies In The Mantra-Sastra -- Sir John Woodroffe -- 1989 -- Ganesh and Company -- b5eb943fc6b641c23b4fa9db129f660f -- Anna’s Archive.pdf,chakra,chakra,The Garland of Letters Studies In The Mantra-Sastra -- Sir John Woodroffe -- 1989 -- Ganesh and Company -- b5eb943fc6b641c23b4fa9db129f660f -- Anna’s Archive.pdf,.pdf,b5eb943fc6b641c23b4fa9db129f660f,The Garland of Letters Studies In The Mantra-Sastra,Sir John Woodroffe,23694291
chakra/The Serpent Power - The Secrets of Tantric and Shaktic Yoga -- Arthur Avalon -- 2009 -- 635a5050940147c1b6c0b5158d93c60e -- Anna’s Archive.pdf,chakra,chakra,The Serpent Power - The Secrets of Tantric and Shaktic Yoga -- Arthur Avalon -- 2009 -- 635a5050940147c1b6c0b5158d93c60e -- Anna’s Archive.pdf,.pdf,635a5050940147c1b6c0b5158d93c60e,The Serpent Power - The Secrets of Tantric and Shaktic Yoga,Arthur Avalon,32143279
chakra/THE SERPENT POWER Being the Sat-Cakra-Nirupana and -- sir john woodroffe -- ganesh and company -- 3674738cfef3a4d956107f930afad2cc -- Anna’s Archive.pdf,chakra,chakra,THE SERPENT POWER Being the Sat-Cakra-Nirupana and -- sir john woodroffe -- ganesh and company -- 3674738cfef3a4d956107f930afad2cc -- Anna’s Archive.pdf,.pdf,3674738cfef3a4d956107f930afad2cc,THE SERPENT POWER Being the Sat-Cakra-Nirupana and,sir john woodroffe,24927698
chakra/Wheels of Life_ A User's Guide to the Chakra System -- Anodea Judith -- 2012 -- Llewellyn Worldwide -- 205a6c0a201d5113b98bc36815ed3b68 -- Anna’s Archive.epub,chakra,chakra,Wheels of Life_ A User's Guide to the Chakra System -- Anodea Judith -- 2012 -- Llewellyn Worldwide -- 205a6c0a201d5113b98bc36815ed3b68 -- Anna’s Archive.epub,.epub,205a6c0a201d5113b98bc36815ed3b68,Wheels of Life_ A User's Guide to the Chakra System,Anodea Judith,6652914
"chakra/Wheels Of Life_ A User's Guide to the Chakra System -- Anodea Judith; Llewellyn Publications -- Llewellyns New Age Series, 5th, 2002 -- Llewellyn -- isbn13 9780875423203 -- c5dc48957b27a9b9745860d1f84a0fa9 -- Anna’s Archive.pdf",chakra,chakra,"Wheels Of Life_ A User's Guide to the Chakra System -- Anodea Judith; Llewellyn Publications -- Llewellyns New Age Series, 5th, 2002 -- Llewellyn -- isbn13 9780875423203 -- c5dc48957b27a9b9745860d1f84a0fa9 -- Anna’s Archive.pdf",.pdf,c5dc48957b27a9b9745860d1f84a0fa9,Wheels Of Life_ A User's Guide to the Chakra System,Anodea Judith; Llewellyn Publications,13890544
enneagram/Claudio Naranjo -- Character and Neurosis -- isbn13 9780895560667 -- 3e80249a7244f7ecaab163479db0b73f.pdf,enneagram,enneagram,Claudio Naranjo -- Character and Neurosis -- isbn13 9780895560667 -- 3e80249a7244f7ecaab163479db0b73f.pdf,.pdf,3e80249a7244f7ecaab163479db0b73f,Claudio Naranjo,Character and Neurosis,24351808
"enneagram/Ennea-type Structures_ Self-Analysis for the Seeker -- Claudio Naranjo, M_D_ -- Nevada City, CA, California, 1990 -- Gateways Books & Tapes,us -- isbn13 9780895560636 -- a778d15532e0d68d62dc25133abd1319.pdf",enneagram,enneagram,"Ennea-type Structures_ Self-Analysis for the Seeker -- Claudio Naranjo, M_D_ -- Nevada City, CA, California, 1990 -- Gateways Books & Tapes,us -- isbn13 9780895560636 -- a778d15532e0d68d62dc25133abd1319.pdf",.pdf,a778d15532e0d68d62dc25133abd1319,Ennea-type Structures_ Self-Analysis for the Seeker,"Claudio Naranjo, M_D_",8435712
"enneagram/Facets of unity _ the enneagram of holy ideas -- Almaas, A_ H_ -- Berkeley, Calif, California, 1998 -- Berkeley, Calif_ _ Diamond Books -- isbn13 9780834824034 -- fed4d4b907103c58281e6347eebdd4f7.pdf",enneagram,enneagram,"Facets of unity _ the enneagram of holy ideas -- Almaas, A_ H_ -- Berkeley, Calif, California, 1998 -- Berkeley, Calif_ _ Diamond Books -- isbn13 9780834824034 -- fed4d4b907103c58281e6347eebdd4f7.pdf",.pdf,fed4d4b907103c58281e6347eebdd4f7,Facets of unity _ the enneagram of holy ideas,"Almaas, A_ H_",15629440
"enneagram/Personality types _ using the enneagram for self-discovery -- Riso, Don Richard, Hudson, Russ -- Rev_ ed_, Boston, Massachusetts, 1996 -- Boston _ -- isbn13 9780395405758 -- 27d0f6b7f58ec9ab0fb90a24fdad6542.pdf",enneagram,enneagram,"Personality types _ using the enneagram for self-discovery -- Riso, Don Richard, Hudson, Russ -- Rev_ ed_, Boston, Massachusetts, 1996 -- Boston _ -- isbn13 9780395405758 -- 27d0f6b7f58ec9ab0fb90a24fdad6542.pdf",.pdf,27d0f6b7f58ec9ab0fb90a24fdad6542,Personality types _ using the enneagram for self-discovery,"Riso, Don Richard, Hudson, Russ",28085597
enneagram/The Complete Enneagram_ 27 Paths to Greater Self-Knowledge -- Beatrice Chestnut -- 2013 -- She Writes Press -- 0c7a202590a432975d197d33627cf265.pdf,enneagram,enneagram,The Complete Enneagram_ 27 Paths to Greater Self-Knowledge -- Beatrice Chestnut -- 2013 -- She Writes Press -- 0c7a202590a432975d197d33627cf265.pdf,.pdf,0c7a202590a432975d197d33627cf265,The Complete Enneagram_ 27 Paths to Greater Self-Knowledge,Beatrice Chestnut,2831058
"enneagram/The enneagram _ understanding yourself and the others in -- Palmer, Helen -- 1988 -- [San Francisco] _ HarperSanFrancisco -- isbn13 9780062122957 -- ad7329b444b84691f66591945c49198e.pdf",enneagram,enneagram,"The enneagram _ understanding yourself and the others in -- Palmer, Helen -- 1988 -- [San Francisco] _ HarperSanFrancisco -- isbn13 9780062122957 -- ad7329b444b84691f66591945c49198e.pdf",.pdf,ad7329b444b84691f66591945c49198e,The enneagram _ understanding yourself and the others in,"Palmer, Helen",28349385
"enneagram/The wisdom of the enneagram _ the complete guide to -- Don Richard Riso and Russ Hudson -- Illustrated, 11th, 11th Printing, FR, 1999 -- Bantam Books -- isbn13 9780553378207 -- b78c6e0ddb3c65476fa5ac2f614c01ba.pdf",enneagram,enneagram,"The wisdom of the enneagram _ the complete guide to -- Don Richard Riso and Russ Hudson -- Illustrated, 11th, 11th Printing, FR, 1999 -- Bantam Books -- isbn13 9780553378207 -- b78c6e0ddb3c65476fa5ac2f614c01ba.pdf",.pdf,b78c6e0ddb3c65476fa5ac2f614c01ba,The wisdom of the enneagram _ the complete guide to,Don Richard Riso and Russ Hudson,27259362
"gene_keys/Gene keys _ unlocking the higher purpose hidden in your DNA -- Richard Rudd [Rudd, Richard] -- Penguin Random House LLC (Publisher Services), New -- isbn13 9781780285429 -- 030944c6354dff07ba00450a9a9509d4 -- Anna’s Archive.pdf",gene_keys,genekeys,"Gene keys _ unlocking the higher purpose hidden in your DNA -- Richard Rudd [Rudd, Richard] -- Penguin Random House LLC (Publisher Services), New -- isbn13 9781780285429 -- 030944c6354dff07ba00450a9a9509d4 -- Anna’s Archive.pdf",.pdf,030944c6354dff07ba00450a9a9509d4,Gene keys _ unlocking the higher purpose hidden in your DNA,"Richard Rudd [Rudd, Richard]",5313169
"gene_keys/Gene keys _ unlocking the higher purpose hidden in your DNA -- Unlocking the higher purose hidden in your DNA -- Third edition, 2015;2013 -- Watkins -- isbn13 9781780285429 -- dddfcdb27871a7756f4214cc2929f55a -- Anna’s .epub",gene_keys,genekeys,"Gene keys _ unlocking the higher purpose hidden in your DNA -- Unlocking the higher purose hidden in your DNA -- Third edition, 2015;2013 -- Watkins -- isbn13 9781780285429 -- dddfcdb27871a7756f4214cc2929f55a -- Anna’s .epub",.epub,dddfcdb27871a7756f4214cc2929f55a,Gene keys _ unlocking the higher purpose hidden in your DNA,Unlocking the higher purose hidden in your DNA,1810451
"gene_keys/Genius_ A guide to your Activation Sequence (The Gene Keys -- Richard Rudd -- Gene Keys Golden Path, 1, Poole, 2020 -- Gene Keys Publishing -- isbn13 9781838048709 -- 861d79e31a3f9e9a74ae4a5e9dba597e -- Anna’s Archive.epub",gene_keys,genekeys,"Genius_ A guide to your Activation Sequence (The Gene Keys -- Richard Rudd -- Gene Keys Golden Path, 1, Poole, 2020 -- Gene Keys Publishing -- isbn13 9781838048709 -- 861d79e31a3f9e9a74ae4a5e9dba597e -- Anna’s Archive.epub",.epub,861d79e31a3f9e9a74ae4a5e9dba597e,Genius_ A guide to your Activation Sequence (The Gene Keys,Richard Rudd,720267
"gene_keys/Human Design - Circuitry_ The complete guide to Circuits, -- Rudd, Richard -- 2022 -- Gene Keys Publishing -- c126c50a41204e7cbf8eec7ca6f60a45 -- Anna’s Archive.pdf",gene_keys,genekeys,"Human Design - Circuitry_ The complete guide to Circuits, -- Rudd, Richard -- 2022 -- Gene Keys Publishing -- c126c50a41204e7cbf8eec7ca6f60a45 -- Anna’s Archive.pdf",.pdf,c126c50a41204e7cbf8eec7ca6f60a45,"Human Design - Circuitry_ The complete guide to Circuits,","Rudd, Richard",16121692
"gene_keys/Human Design - The Revelation_ A guide to basic Concepts, -- Rudd, Richard -- 2021 -- Gene Keys Publishing -- 3c95e8121ecf7e508e7ae4f71957236d -- Anna’s Archive.pdf",gene_keys,genekeys,"Human Design - The Revelation_ A guide to basic Concepts, -- Rudd, Richard -- 2021 -- Gene Keys Publishing -- 3c95e8121ecf7e508e7ae4f71957236d -- Anna’s Archive.pdf",.pdf,3c95e8121ecf7e508e7ae4f71957236d,"Human Design - The Revelation_ A guide to basic Concepts,","Rudd, Richard",10173437
gene_keys/Living your Design - A New Manual for Awakening -- Richard Rudd -- 3e3565cedfe005902836fbd6d612dee0 -- Anna’s Archive.pdf,gene_keys,genekeys,Living your Design - A New Manual for Awakening -- Richard Rudd -- 3e3565cedfe005902836fbd6d612dee0 -- Anna’s Archive.pdf,.pdf,3e3565cedfe005902836fbd6d612dee0,Living your Design - A New Manual for Awakening,Richard Rudd,18629405
"gene_keys/Love_ A guide to your Venus Sequence (The Gene Keys Golden -- Richard Rudd -- Gene Keys Golden Path, Poole, 2020 -- Gene Keys Publishing -- isbn13 9781838048716 -- 5c806efdc163be78fa75086a428e625e -- Anna’s Archive.epub",gene_keys,genekeys,"Love_ A guide to your Venus Sequence (The Gene Keys Golden -- Richard Rudd -- Gene Keys Golden Path, Poole, 2020 -- Gene Keys Publishing -- isbn13 9781838048716 -- 5c806efdc163be78fa75086a428e625e -- Anna’s Archive.epub",.epub,5c806efdc163be78fa75086a428e625e,Love_ A guide to your Venus Sequence (The Gene Keys Golden,Richard Rudd,2555146
gene_keys/Opening Doors with Gene Keys -- Richard Rudd -- 2014 -- 30c725f0604a1b346e69570741fcc7ae -- Anna’s Archive.pdf,gene_keys,genekeys,Opening Doors with Gene Keys -- Richard Rudd -- 2014 -- 30c725f0604a1b346e69570741fcc7ae -- Anna’s Archive.pdf,.pdf,30c725f0604a1b346e69570741fcc7ae,Opening Doors with Gene Keys,Richard Rudd,7436990
"gene_keys/Prosperity_ A guide to your Pearl Sequence (The Gene Keys -- Rudd, Richard -- The Gene Keys Golden Path Book 3, 2023 -- 2a71a0f8d99ba7bf7295ca2ba7c21336 -- Anna’s Archive.epub",gene_keys,genekeys,"Prosperity_ A guide to your Pearl Sequence (The Gene Keys -- Rudd, Richard -- The Gene Keys Golden Path Book 3, 2023 -- 2a71a0f8d99ba7bf7295ca2ba7c21336 -- Anna’s Archive.epub",.epub,2a71a0f8d99ba7bf7295ca2ba7c21336,Prosperity_ A guide to your Pearl Sequence (The Gene Keys,"Rudd, Richard",1081093
gene_keys/Seven sacred seals -- Richard rudd -- b1ea10c4398a475638113ee0146e025d -- Anna’s Archive.pdf,gene_keys,genekeys,Seven sacred seals -- Richard rudd -- b1ea10c4398a475638113ee0146e025d -- Anna’s Archive.pdf,.pdf,b1ea10c4398a475638113ee0146e025d,Seven sacred seals,Richard rudd,231553
"gene_keys/Soul Whispering _ The Art of Awakening Shamanic -- Linda Star Wolf; Nita Gage DSPS MA; Richard Rudd -- Simon & Schuster, [N_p_], 2017 -- Rochester, -- isbn13 9781591432258 -- 85692a895b4c07613dde6ad3a1610de6 -- Anna’s Archive.pdf",gene_keys,genekeys,"Soul Whispering _ The Art of Awakening Shamanic -- Linda Star Wolf; Nita Gage DSPS MA; Richard Rudd -- Simon & Schuster, [N_p_], 2017 -- Rochester, -- isbn13 9781591432258 -- 85692a895b4c07613dde6ad3a1610de6 -- Anna’s Archive.pdf",.pdf,85692a895b4c07613dde6ad3a1610de6,Soul Whispering _ The Art of Awakening Shamanic,Linda Star Wolf; Nita Gage DSPS MA; Richard Rudd,15292795
"gene_keys/The 64 Ways_ Personal Contemplations on the Gene Keys -- Rudd, Richard -- 2022 -- Gene Keys Publishing -- 51a66a5b3b946c01b181b66551025f2c -- Anna’s Archive.epub",gene_keys,genekeys,"The 64 Ways_ Personal Contemplations on the Gene Keys -- Rudd, Richard -- 2022 -- Gene Keys Publishing -- 51a66a5b3b946c01b181b66551025f2c -- Anna’s Archive.epub",.epub,51a66a5b3b946c01b181b66551025f2c,The 64 Ways_ Personal Contemplations on the Gene Keys,"Rudd, Richard",4499119
gene_keys/The Holy Incantation of Solace -- Richard Rudd -- 3f946dea0f9e623d3e5a638f5462fc32 -- Anna’s Archive.pdf,gene_keys,genekeys,The Holy Incantation of Solace -- Richard Rudd -- 3f946dea0f9e623d3e5a638f5462fc32 -- Anna’s Archive.pdf,.pdf,3f946dea0f9e623d3e5a638f5462fc32,The Holy Incantation of Solace,Richard Rudd,3889508
gene_keys/THE HUMAN DESIGN SYSTEM - An A to D of You -- Richard Rudd -- 91a83be6fd080f416dd5b784ca783d2f -- Anna’s Archive.pdf,gene_keys,genekeys,THE HUMAN DESIGN SYSTEM - An A to D of You -- Richard Rudd -- 91a83be6fd080f416dd5b784ca783d2f -- Anna’s Archive.pdf,.pdf,91a83be6fd080f416dd5b784ca783d2f,THE HUMAN DESIGN SYSTEM - An A to D of You,Richard Rudd,398277
hd/BG5 Career and Business Consulting - Student Manual 1 -- Ra Uru Hu -- International Human Design School -- 3b88c9681c859d6532d6ea06a3946e25 -- Anna’s Archive.pdf,hd,hd_ra,BG5 Career and Business Consulting - Student Manual 1 -- Ra Uru Hu -- International Human Design School -- 3b88c9681c859d6532d6ea06a3946e25 -- Anna’s Archive.pdf,.pdf,3b88c9681c859d6532d6ea06a3946e25,BG5 Career and Business Consulting - Student Manual 1,Ra Uru Hu,6521620
"hd/Biology Design System -- Ra Uru Hu, Eleanor Haspel, Marvin Portner -- 2000 -- c9ac38146181060890f5690d4ab5f0cc -- Anna’s Archive.pdf",hd,hd_ra,"Biology Design System -- Ra Uru Hu, Eleanor Haspel, Marvin Portner -- 2000 -- c9ac38146181060890f5690d4ab5f0cc -- Anna’s Archive.pdf",.pdf,c9ac38146181060890f5690d4ab5f0cc,Biology Design System,"Ra Uru Hu, Eleanor Haspel, Marvin Portner",548607
"hd/Channels by Type 1 - Introduction and Creative Channels -- Ra Uru Hu -- Channels by Type, 1, 1999 -- International Human Design School Publishing -- isbn13 9780988932319 -- f39d968502133638202cadb5a8825365 -- Anna’s Archive.pdf",hd,hd_ra,"Channels by Type 1 - Introduction and Creative Channels -- Ra Uru Hu -- Channels by Type, 1, 1999 -- International Human Design School Publishing -- isbn13 9780988932319 -- f39d968502133638202cadb5a8825365 -- Anna’s Archive.pdf",.pdf,f39d968502133638202cadb5a8825365,Channels by Type 1 - Introduction and Creative Channels,Ra Uru Hu,11084673
"hd/Channels by Type 2 - Manifesting and Generating Channels -- Ra Uru Hu -- Channels by Type 2, 2015 -- HDC Publishing, Inc_ -- isbn13 9780988932319 -- c82406a22498c8d94195c2e2f22c3dfc -- Anna’s Archive.pdf",hd,hd_ra,"Channels by Type 2 - Manifesting and Generating Channels -- Ra Uru Hu -- Channels by Type 2, 2015 -- HDC Publishing, Inc_ -- isbn13 9780988932319 -- c82406a22498c8d94195c2e2f22c3dfc -- Anna’s Archive.pdf",.pdf,c82406a22498c8d94195c2e2f22c3dfc,Channels by Type 2 - Manifesting and Generating Channels,Ra Uru Hu,11648377
"hd/Channels by Type 3 - Projected Channels -- Ra Uru Hu -- Channels by Type 3, 2015 -- HDC Publishing, Inc_ -- isbn13 9780988932319 -- 6cc16e4a7ebedfa4ccab548d2004cbf9 -- Anna’s Archive.pdf",hd,hd_ra,"Channels by Type 3 - Projected Channels -- Ra Uru Hu -- Channels by Type 3, 2015 -- HDC Publishing, Inc_ -- isbn13 9780988932319 -- 6cc16e4a7ebedfa4ccab548d2004cbf9 -- Anna’s Archive.pdf",.pdf,6cc16e4a7ebedfa4ccab548d2004cbf9,Channels by Type 3 - Projected Channels,Ra Uru Hu,13615439
"hd/Channels by Type 4 - Understanding the Transit Program -- Ra Uru Hu -- Channels by Type 4, 2015 -- HDC Publishing, Inc_ -- isbn13 9780988932319 -- 65e4c037d1db12b49e49b567cb6b0a0e -- Anna’s Archive.pdf",hd,hd_ra,"Channels by Type 4 - Understanding the Transit Program -- Ra Uru Hu -- Channels by Type 4, 2015 -- HDC Publishing, Inc_ -- isbn13 9780988932319 -- 65e4c037d1db12b49e49b567cb6b0a0e -- Anna’s Archive.pdf",.pdf,65e4c037d1db12b49e49b567cb6b0a0e,Channels by Type 4 - Understanding the Transit Program,Ra Uru Hu,10895897
hd/Design Concepts -- Ra Uru Hu -- 2006 -- be6b114f074dbfb1cab54ed5061f99b6 -- Anna’s Archive.pdf,hd,hd_ra,Design Concepts -- Ra Uru Hu -- 2006 -- be6b114f074dbfb1cab54ed5061f99b6 -- Anna’s Archive.pdf,.pdf,be6b114f074dbfb1cab54ed5061f99b6,Design Concepts,Ra Uru Hu,5990109
hd/Design Resonance Mapping - The Way of the Flesh -- Ra Uru Hu -- 2009 -- International Human Design School (IHDS) -- d3c91994edc8c417c5d4430e5d82688a -- Anna’s Archive.pdf,hd,hd_ra,Design Resonance Mapping - The Way of the Flesh -- Ra Uru Hu -- 2009 -- International Human Design School (IHDS) -- d3c91994edc8c417c5d4430e5d82688a -- Anna’s Archive.pdf,.pdf,d3c91994edc8c417c5d4430e5d82688a,Design Resonance Mapping - The Way of the Flesh,Ra Uru Hu,6652911
hd/Die Prophezeiung des Ra Uru Hu (German Edition).pdf,hd,hd_ra,Die Prophezeiung des Ra Uru Hu (German Edition).pdf,.pdf,,Die Prophezeiung des Ra Uru Hu (German Edition).pdf,,5501915
hd/Dream Rave Introduction -- Ra Uru Hu -- 80fe85abac05fbb20f06b97c586a444a -- Anna’s Archive.pdf,hd,hd_ra,Dream Rave Introduction -- Ra Uru Hu -- 80fe85abac05fbb20f06b97c586a444a -- Anna’s Archive.pdf,.pdf,80fe85abac05fbb20f06b97c586a444a,Dream Rave Introduction,Ra Uru Hu,1943023
hd/DREAMRAVE I_ Introduction to Personal Analysis -- Ra Uru Hu -- 2007 -- International Human Design School (IHDS) -- d0874985aa7b29ef71d408f0e6e0c8c5 -- Anna’s Archive.pdf,hd,hd_ra,DREAMRAVE I_ Introduction to Personal Analysis -- Ra Uru Hu -- 2007 -- International Human Design School (IHDS) -- d0874985aa7b29ef71d408f0e6e0c8c5 -- Anna’s Archive.pdf,.pdf,d0874985aa7b29ef71d408f0e6e0c8c5,DREAMRAVE I_ Introduction to Personal Analysis,Ra Uru Hu,5298685
hd/from The Book of Letters - A Guide to Human Design Analysis -- Ra Uru Hu -- 1995 -- New Sun Services International -- isbn13 9785057582907 -- d9ba2013e68730383471e4ad6be09790 -- Anna’s Archive.pdf,hd,hd_ra,from The Book of Letters - A Guide to Human Design Analysis -- Ra Uru Hu -- 1995 -- New Sun Services International -- isbn13 9785057582907 -- d9ba2013e68730383471e4ad6be09790 -- Anna’s Archive.pdf,.pdf,d9ba2013e68730383471e4ad6be09790,from The Book of Letters - A Guide to Human Design Analysis,Ra Uru Hu,13386108
hd/From the Left_ Strategic Cognition - Personal and -- Ra Uru Hu -- 2010 -- International Human Design School (IHDS) -- 7ae5243edbb37f378567a908ed2d2cd3 -- Anna’s Archive.pdf,hd,hd_ra,From the Left_ Strategic Cognition - Personal and -- Ra Uru Hu -- 2010 -- International Human Design School (IHDS) -- 7ae5243edbb37f378567a908ed2d2cd3 -- Anna’s Archive.pdf,.pdf,7ae5243edbb37f378567a908ed2d2cd3,From the Left_ Strategic Cognition - Personal and,Ra Uru Hu,5830182
hd/From the Right -- Ra Uru Hu -- Personal and Trans-Personal Analytical Training -- International Human Design School -- 699d2cbe70f0e0d6c3a1cd0bb3779426 -- Anna’s Archive.pdf,hd,hd_ra,From the Right -- Ra Uru Hu -- Personal and Trans-Personal Analytical Training -- International Human Design School -- 699d2cbe70f0e0d6c3a1cd0bb3779426 -- Anna’s Archive.pdf,.pdf,699d2cbe70f0e0d6c3a1cd0bb3779426,From the Right,Ra Uru Hu,8967441
"hd/Holistic Analysis 2 Diagnostics 2 -- Ra Uru Hu -- Personal and Trans-Personal Analytical Training, 2, 2010 -- International Human Design School (IHDS) -- b5a86d4382ccfbdf2e30cfbaf25e5791 -- Anna’s Archive.pdf",hd,hd_ra,"Holistic Analysis 2 Diagnostics 2 -- Ra Uru Hu -- Personal and Trans-Personal Analytical Training, 2, 2010 -- International Human Design School (IHDS) -- b5a86d4382ccfbdf2e30cfbaf25e5791 -- Anna’s Archive.pdf",.pdf,b5a86d4382ccfbdf2e30cfbaf25e5791,Holistic Analysis 2 Diagnostics 2,Ra Uru Hu,10453623
hd/How We Connect - eBook -- Ra Uru Hu -- 2024 -- Jovian Archive -- 7b05ec2c4f1a88eef4a6ae61f518a07e -- Anna’s Archive.pdf,hd,hd_ra,How We Connect - eBook -- Ra Uru Hu -- 2024 -- Jovian Archive -- 7b05ec2c4f1a88eef4a6ae61f518a07e -- Anna’s Archive.pdf,.pdf,7b05ec2c4f1a88eef4a6ae61f518a07e,How We Connect - eBook,Ra Uru Hu,3824810
hd/Human Design - Life Cycles Analysis -- Ra Uru Hu -- 4f0b1309c8e42c5a0580b32b7e3be3e4 -- Anna’s Archive.pdf,hd,hd_ra,Human Design - Life Cycles Analysis -- Ra Uru Hu -- 4f0b1309c8e42c5a0580b32b7e3be3e4 -- Anna’s Archive.pdf,.pdf,4f0b1309c8e42c5a0580b32b7e3be3e4,Human Design - Life Cycles Analysis,Ra Uru Hu,4720527
hd/Human design - You and the Shadow -- Ra Uru Hu -- 2020 -- 9aa3952794bf5b4a60bd4d36d4388f7f -- Anna’s Archive.pdf,hd,hd_ra,Human design - You and the Shadow -- Ra Uru Hu -- 2020 -- 9aa3952794bf5b4a60bd4d36d4388f7f -- Anna’s Archive.pdf,.pdf,9aa3952794bf5b4a60bd4d36d4388f7f,Human design - You and the Shadow,Ra Uru Hu,4507621
"hd/Human Design_ The Definitive Book of Human Design, The -- Ra Uru Hu; Lynda Bunnell; Bethi Black; Donna Garlinghouse; -- 1st Edition, 2011 -- HDC -- isbn13 9780615552149 -- 9dca21af0cc6ec08f9356f64f9b5fb11 -- Anna’s Archive.pdf",hd,hd_ra,"Human Design_ The Definitive Book of Human Design, The -- Ra Uru Hu; Lynda Bunnell; Bethi Black; Donna Garlinghouse; -- 1st Edition, 2011 -- HDC -- isbn13 9780615552149 -- 9dca21af0cc6ec08f9356f64f9b5fb11 -- Anna’s Archive.pdf",.pdf,9dca21af0cc6ec08f9356f64f9b5fb11,"Human Design_ The Definitive Book of Human Design, The",Ra Uru Hu; Lynda Bunnell; Bethi Black; Donna Garlinghouse;,164634268
"hd/I Ching _ The Oracle Of The Cosmic Way (Q) -- Carol K_ Anthony, Hanna Moog -- Place of publication not identified, 2002 -- Anthony Publishing Company -- isbn13 9781890764043 -- 714a9cdfc6f041879be9b83dfc0feb93 -- Anna’s Archive.pdf",hd,hd_ra,"I Ching _ The Oracle Of The Cosmic Way (Q) -- Carol K_ Anthony, Hanna Moog -- Place of publication not identified, 2002 -- Anthony Publishing Company -- isbn13 9781890764043 -- 714a9cdfc6f041879be9b83dfc0feb93 -- Anna’s Archive.pdf",.pdf,714a9cdfc6f041879be9b83dfc0feb93,I Ching _ The Oracle Of The Cosmic Way (Q),"Carol K_ Anthony, Hanna Moog",33427059
hd/Incarnation Crosses by Profile (Complete) -- Ra Uru Hu -- 2012 -- International Human Design School -- 9ce108ffd13761f1e7b7c7dfc4683b07 -- Anna’s Archive.pdf,hd,hd_ra,Incarnation Crosses by Profile (Complete) -- Ra Uru Hu -- 2012 -- International Human Design School -- 9ce108ffd13761f1e7b7c7dfc4683b07 -- Anna’s Archive.pdf,.pdf,9ce108ffd13761f1e7b7c7dfc4683b07,Incarnation Crosses by Profile (Complete),Ra Uru Hu,15750347
hd/Lunar & Planetary Color -- Ra Uru Hu -- 2010 -- International Human Design School (IHDS) -- 072b03134dbf14640a29f357b4b552e0 -- Anna’s Archive.pdf,hd,hd_ra,Lunar & Planetary Color -- Ra Uru Hu -- 2010 -- International Human Design School (IHDS) -- 072b03134dbf14640a29f357b4b552e0 -- Anna’s Archive.pdf,.pdf,072b03134dbf14640a29f357b4b552e0,Lunar & Planetary Color,Ra Uru Hu,6462889
hd/Lunar & Planetary Color Analysis -- Ra Uru Hu -- 2008 -- International Human Design School (IHDS) -- b38abe08f4f0049d694fde31cee6c7b8 -- Anna’s Archive.pdf,hd,hd_ra,Lunar & Planetary Color Analysis -- Ra Uru Hu -- 2008 -- International Human Design School (IHDS) -- b38abe08f4f0049d694fde31cee6c7b8 -- Anna’s Archive.pdf,.pdf,b38abe08f4f0049d694fde31cee6c7b8,Lunar & Planetary Color Analysis,Ra Uru Hu,2568099
hd/Manifestor Manifesto -- Ra Uru Hu -- 2010 -- International Human Design School (IHDS) -- 2dc92019152fa02d0c5a41881fe71baf -- Anna’s Archive.pdf,hd,hd_ra,Manifestor Manifesto -- Ra Uru Hu -- 2010 -- International Human Design School (IHDS) -- 2dc92019152fa02d0c5a41881fe71baf -- Anna’s Archive.pdf,.pdf,2dc92019152fa02d0c5a41881fe71baf,Manifestor Manifesto,Ra Uru Hu,1247914
hd/Never Mind Final -- RA URU HU -- 8ab7f55c3f4d1c28c35f5322e1c450c1 -- Anna’s Archive.pdf,hd,hd_ra,Never Mind Final -- RA URU HU -- 8ab7f55c3f4d1c28c35f5322e1c450c1 -- Anna’s Archive.pdf,.pdf,8ab7f55c3f4d1c28c35f5322e1c450c1,Never Mind Final,RA URU HU,3982226
hd/Partnership Analysis -- Ra Uru Hu -- International Human Design School -- 0cbcf9ee172cd2944a97a6ee41f80fee -- Anna’s Archive.pdf,hd,hd_ra,Partnership Analysis -- Ra Uru Hu -- International Human Design School -- 0cbcf9ee172cd2944a97a6ee41f80fee -- Anna’s Archive.pdf,.pdf,0cbcf9ee172cd2944a97a6ee41f80fee,Partnership Analysis,Ra Uru Hu,4279452
hd/Personality Resonance Mapping - The Way of the Mind -- Ra Uru Hu -- 2008 -- International Human Design School (IHDS) -- 920f0d94c1ad3ce3c01210b48e8e368d -- Anna’s Archive.pdf,hd,hd_ra,Personality Resonance Mapping - The Way of the Mind -- Ra Uru Hu -- 2008 -- International Human Design School (IHDS) -- 920f0d94c1ad3ce3c01210b48e8e368d -- Anna’s Archive.pdf,.pdf,920f0d94c1ad3ce3c01210b48e8e368d,Personality Resonance Mapping - The Way of the Mind,Ra Uru Hu,5299139
hd/Post-Graduate Rave Psychology -- Ra Uru Hu -- 2010 -- International Human Design School (IHDS) -- d936287b07b5c89c3a0a9666a0e9aec8 -- Anna’s Archive.pdf,hd,hd_ra,Post-Graduate Rave Psychology -- Ra Uru Hu -- 2010 -- International Human Design School (IHDS) -- d936287b07b5c89c3a0a9666a0e9aec8 -- Anna’s Archive.pdf,.pdf,d936287b07b5c89c3a0a9666a0e9aec8,Post-Graduate Rave Psychology,Ra Uru Hu,9826654
"hd/PRIMARY HEALTH SYSTEM - Determination & Healing (Year 1, Sem 2 -- Ra Uru Hu -- PHS Practitioner Program, 2006 -- 8454b6e1de0d50be5382b728c2536498.pdf",hd,hd_ra,"PRIMARY HEALTH SYSTEM - Determination & Healing (Year 1, Sem 2 -- Ra Uru Hu -- PHS Practitioner Program, 2006 -- 8454b6e1de0d50be5382b728c2536498.pdf",.pdf,8454b6e1de0d50be5382b728c2536498,"PRIMARY HEALTH SYSTEM - Determination & Healing (Year 1, Sem 2",Ra Uru Hu,4184964
"hd/PRIMARY HEALTH SYSTEM - Determination and Healing (Year 1, Sem 3 -- Ra Uru Hu -- PHS Analyst Certification Program, 2008 -- a8920ee4ff8589ccefe7447a83745005.pdf",hd,hd_ra,"PRIMARY HEALTH SYSTEM - Determination and Healing (Year 1, Sem 3 -- Ra Uru Hu -- PHS Analyst Certification Program, 2008 -- a8920ee4ff8589ccefe7447a83745005.pdf",.pdf,a8920ee4ff8589ccefe7447a83745005,"PRIMARY HEALTH SYSTEM - Determination and Healing (Year 1, Sem 3",Ra Uru Hu,2225787
"hd/PRIMARY HEALTH SYSTEM - The Mechanics of the Vehicle (Year 1, Sem 1 -- Ra Uru Hu -- PHS Analyst Certification Program, 2006 -- 00f3848700fdc92aa6cb3cb0f9cdfa28.pdf",hd,hd_ra,"PRIMARY HEALTH SYSTEM - The Mechanics of the Vehicle (Year 1, Sem 1 -- Ra Uru Hu -- PHS Analyst Certification Program, 2006 -- 00f3848700fdc92aa6cb3cb0f9cdfa28.pdf",.pdf,00f3848700fdc92aa6cb3cb0f9cdfa28,"PRIMARY HEALTH SYSTEM - The Mechanics of the Vehicle (Year 1, Sem 1",Ra Uru Hu,7220775
hd/Projector Empowerment - Part 1_ Lectures -- Ra Uru Hu -- Projector Empowerment - Part 1 -- Jovian Archive -- 8e2f39b9ed00432370c0a9a301c42192 -- Anna’s Archive.pdf,hd,hd_ra,Projector Empowerment - Part 1_ Lectures -- Ra Uru Hu -- Projector Empowerment - Part 1 -- Jovian Archive -- 8e2f39b9ed00432370c0a9a301c42192 -- Anna’s Archive.pdf,.pdf,8e2f39b9ed00432370c0a9a301c42192,Projector Empowerment - Part 1_ Lectures,Ra Uru Hu,2423394
hd/Quarters and Angles -- Ra Uru Hu -- International Human Design School -- bb1ced1468705ddbd18f7b7817702c0b -- Anna’s Archive.pdf,hd,hd_ra,Quarters and Angles -- Ra Uru Hu -- International Human Design School -- bb1ced1468705ddbd18f7b7817702c0b -- Anna’s Archive.pdf,.pdf,bb1ced1468705ddbd18f7b7817702c0b,Quarters and Angles,Ra Uru Hu,3256991
hd/Radical Transformations - The Four Lectures -- Ra Uru Hu -- 2010 -- International Human Design School (IHDS) -- 5bc25cd499d24503c478db7302fd2aae -- Anna’s Archive.pdf,hd,hd_ra,Radical Transformations - The Four Lectures -- Ra Uru Hu -- 2010 -- International Human Design School (IHDS) -- 5bc25cd499d24503c478db7302fd2aae -- Anna’s Archive.pdf,.pdf,5bc25cd499d24503c478db7302fd2aae,Radical Transformations - The Four Lectures,Ra Uru Hu,3255513
"hd/Rave Anatomy I - Mapping the Mechanics of the Maia -- Ra Uru Hu -- Rave Anatomy, 2012 -- International Human Design School -- 096c16f8c017f28e496da10466fd8b47 -- Anna’s Archive.pdf",hd,hd_ra,"Rave Anatomy I - Mapping the Mechanics of the Maia -- Ra Uru Hu -- Rave Anatomy, 2012 -- International Human Design School -- 096c16f8c017f28e496da10466fd8b47 -- Anna’s Archive.pdf",.pdf,096c16f8c017f28e496da10466fd8b47,Rave Anatomy I - Mapping the Mechanics of the Maia,Ra Uru Hu,4741878
"hd/Rave Anatomy II - The Awareness Lectures -- Ra Uru Hu -- Rave Anatomy, 2012 -- International Human Design School -- fc741e103b06d255fe5ffaf80a42ecea -- Anna’s Archive.pdf",hd,hd_ra,"Rave Anatomy II - The Awareness Lectures -- Ra Uru Hu -- Rave Anatomy, 2012 -- International Human Design School -- fc741e103b06d255fe5ffaf80a42ecea -- Anna’s Archive.pdf",.pdf,fc741e103b06d255fe5ffaf80a42ecea,Rave Anatomy II - The Awareness Lectures,Ra Uru Hu,4843264
hd/Rave BodyGraph Circuitry -- Ra Uru Hu -- 2012 -- 729f3b4516a4b6caca7cb0b0205432e7 -- Anna’s Archive.pdf,hd,hd_ra,Rave BodyGraph Circuitry -- Ra Uru Hu -- 2012 -- 729f3b4516a4b6caca7cb0b0205432e7 -- Anna’s Archive.pdf,.pdf,729f3b4516a4b6caca7cb0b0205432e7,Rave BodyGraph Circuitry,Ra Uru Hu,32881864
hd/Rave Cosmology I_ Bhan Tugh -- Ra Uru Hu -- c2d7ffbe32eb56f548305eadd9b23711 -- Anna’s Archive.pdf,hd,hd_ra,Rave Cosmology I_ Bhan Tugh -- Ra Uru Hu -- c2d7ffbe32eb56f548305eadd9b23711 -- Anna’s Archive.pdf,.pdf,c2d7ffbe32eb56f548305eadd9b23711,Rave Cosmology I_ Bhan Tugh,Ra Uru Hu,12423085
hd/Rave Cosmology II_ The six mystical ways -- Ra Uru Hu -- 977fa1f53f6aaf90df5be6afc09c3807 -- Anna’s Archive.pdf,hd,hd_ra,Rave Cosmology II_ The six mystical ways -- Ra Uru Hu -- 977fa1f53f6aaf90df5be6afc09c3807 -- Anna’s Archive.pdf,.pdf,977fa1f53f6aaf90df5be6afc09c3807,Rave Cosmology II_ The six mystical ways,Ra Uru Hu,3051119
hd/Rave Cosmology III_ Dying Death and the Bardo Stages -- Ra Uru Hu -- 47f60cd1ca56644008c3cf38d1e9d0a1 -- Anna’s Archive.pdf,hd,hd_ra,Rave Cosmology III_ Dying Death and the Bardo Stages -- Ra Uru Hu -- 47f60cd1ca56644008c3cf38d1e9d0a1 -- Anna’s Archive.pdf,.pdf,47f60cd1ca56644008c3cf38d1e9d0a1,Rave Cosmology III_ Dying Death and the Bardo Stages,Ra Uru Hu,7487521
hd/Rave Cosmology VIII Mystic Monologues -- Ra Uru Hu -- fe799c279b2cc636dfabc384215c309e -- Anna’s Archive.pdf,hd,hd_ra,Rave Cosmology VIII Mystic Monologues -- Ra Uru Hu -- fe799c279b2cc636dfabc384215c309e -- Anna’s Archive.pdf,.pdf,fe799c279b2cc636dfabc384215c309e,Rave Cosmology VIII Mystic Monologues,Ra Uru Hu,3004585
hd/Rave Psychology - Personality External color book (Black -- Ra Uru Hu -- 2008 -- International Human Design School (IHDS) -- cc6cfc6f9f1415d7223a6a3aa26eda49 -- Anna’s Archive.pdf,hd,hd_ra,Rave Psychology - Personality External color book (Black -- Ra Uru Hu -- 2008 -- International Human Design School (IHDS) -- cc6cfc6f9f1415d7223a6a3aa26eda49 -- Anna’s Archive.pdf,.pdf,cc6cfc6f9f1415d7223a6a3aa26eda49,Rave Psychology - Personality External color book (Black,Ra Uru Hu,5443222
hd/Rave Psychology - Personality External color book (White -- Ra Uru Hu -- International Human Design School (IHDS) -- 0e057eb7191fd94fc132c85cb6eb170b -- Anna’s Archive.pdf,hd,hd_ra,Rave Psychology - Personality External color book (White -- Ra Uru Hu -- International Human Design School (IHDS) -- 0e057eb7191fd94fc132c85cb6eb170b -- Anna’s Archive.pdf,.pdf,0e057eb7191fd94fc132c85cb6eb170b,Rave Psychology - Personality External color book (White,Ra Uru Hu,3170757
hd/Scenes From The Cross Of Life_ The Nodal Environments(Human -- Ra Uru Hu -- 2005 -- 63dd10d18975b7ccd26e6647c2dd8491 -- Anna’s Archive.pdf,hd,hd_ra,Scenes From The Cross Of Life_ The Nodal Environments(Human -- Ra Uru Hu -- 2005 -- 63dd10d18975b7ccd26e6647c2dd8491 -- Anna’s Archive.pdf,.pdf,63dd10d18975b7ccd26e6647c2dd8491,Scenes From The Cross Of Life_ The Nodal Environments(Human,Ra Uru Hu,2112129
hd/The 36 Roles - Genetic Continuity and Mastery of Lines -- Ra Uru Hu -- 2010 -- 8ef5416367bdef874b16bc5d1c676e7e -- Anna’s Archive.pdf,hd,hd_ra,The 36 Roles - Genetic Continuity and Mastery of Lines -- Ra Uru Hu -- 2010 -- 8ef5416367bdef874b16bc5d1c676e7e -- Anna’s Archive.pdf,.pdf,8ef5416367bdef874b16bc5d1c676e7e,The 36 Roles - Genetic Continuity and Mastery of Lines,Ra Uru Hu,1057082
hd/The Black Book -- Ra Uru Hu -- International Human Design School -- 891d99a7ae3999bd54ad16acc8d30cb7 -- Anna’s Archive.pdf,hd,hd_ra,The Black Book -- Ra Uru Hu -- International Human Design School -- 891d99a7ae3999bd54ad16acc8d30cb7 -- Anna’s Archive.pdf,.pdf,891d99a7ae3999bd54ad16acc8d30cb7,The Black Book,Ra Uru Hu,3936104
hd/The Complete Rave I'Ching -- Ra Uru Hu -- 2011 -- Human Design America -- 9daaa92ce652fb06739333271bf7f3fe -- Anna’s Archive.pdf,hd,hd_ra,The Complete Rave I'Ching -- Ra Uru Hu -- 2011 -- Human Design America -- 9daaa92ce652fb06739333271bf7f3fe -- Anna’s Archive.pdf,.pdf,9daaa92ce652fb06739333271bf7f3fe,The Complete Rave I'Ching,Ra Uru Hu,9897388
hd/The Four Views -- Ra Uru Hu -- 2007 -- Jovian Archive Corporation -- b7345d74e5d85ab9fc4a7f3ed48f8f70 -- Anna’s Archive.pdf,hd,hd_ra,The Four Views -- Ra Uru Hu -- 2007 -- Jovian Archive Corporation -- b7345d74e5d85ab9fc4a7f3ed48f8f70 -- Anna’s Archive.pdf,.pdf,b7345d74e5d85ab9fc4a7f3ed48f8f70,The Four Views,Ra Uru Hu,5509252
hd/The Human Design System - A Complete Guide -- Ra Uru Hu -- 2012 -- International Human Design School (IHDS) -- 0ab49372f4a7e53fa8234071d2936aab -- Anna’s Archive.pdf,hd,hd_ra,The Human Design System - A Complete Guide -- Ra Uru Hu -- 2012 -- International Human Design School (IHDS) -- 0ab49372f4a7e53fa8234071d2936aab -- Anna’s Archive.pdf,.pdf,0ab49372f4a7e53fa8234071d2936aab,The Human Design System - A Complete Guide,Ra Uru Hu,3717435
hd/The Human Design System - Sex Manual -- Ra Uru Hu -- 1996 -- 4688baa6786530ab2b9f155594a5f359 -- Anna’s Archive.pdf,hd,hd_ra,The Human Design System - Sex Manual -- Ra Uru Hu -- 1996 -- 4688baa6786530ab2b9f155594a5f359 -- Anna’s Archive.pdf,.pdf,4688baa6786530ab2b9f155594a5f359,The Human Design System - Sex Manual,Ra Uru Hu,49821583
hd/The Incarnation Cross Clinic _ Lectures Day 1 _ Part 1 and 2 -- Ra Uru Hu -- 2022 -- Jovian Archive -- 5c5682e5f4a150394df3073c10571fc9 -- Anna’s Archive.pdf,hd,hd_ra,The Incarnation Cross Clinic _ Lectures Day 1 _ Part 1 and 2 -- Ra Uru Hu -- 2022 -- Jovian Archive -- 5c5682e5f4a150394df3073c10571fc9 -- Anna’s Archive.pdf,.pdf,5c5682e5f4a150394df3073c10571fc9,The Incarnation Cross Clinic _ Lectures Day 1 _ Part 1 and 2,Ra Uru Hu,2088370
hd/The Life Force - The Channels -- Ra Uru Hu -- 0709f47812468b7c9765dc7de254234a -- Anna’s Archive.pdf,hd,hd_ra,The Life Force - The Channels -- Ra Uru Hu -- 0709f47812468b7c9765dc7de254234a -- Anna’s Archive.pdf,.pdf,0709f47812468b7c9765dc7de254234a,The Life Force - The Channels,Ra Uru Hu,4922515
hd/The Not-Self 人類設計) -- Ra Uru Hu -- 2008 -- d85fb70864f5afff46cb0dd7165f5e71 -- Anna’s Archive.pdf,hd,hd_ra,The Not-Self 人類設計) -- Ra Uru Hu -- 2008 -- d85fb70864f5afff46cb0dd7165f5e71 -- Anna’s Archive.pdf,.pdf,d85fb70864f5afff46cb0dd7165f5e71,The Not-Self 人類設計),Ra Uru Hu,1813012
hd/The Six Lines - The Decoding of the Hexagramm -- Ra Uru Hu -- 2008 -- International Human Design School (IHDS) -- 7cfa3b4fc6f59258346abb4c1771bad5 -- Anna’s Archive.pdf,hd,hd_ra,The Six Lines - The Decoding of the Hexagramm -- Ra Uru Hu -- 2008 -- International Human Design School (IHDS) -- 7cfa3b4fc6f59258346abb4c1771bad5 -- Anna’s Archive.pdf,.pdf,7cfa3b4fc6f59258346abb4c1771bad5,The Six Lines - The Decoding of the Hexagramm,Ra Uru Hu,1255246
hd/Understanding the Planets in our Design - A COURSE IN -- Ra Uru Hu; Richard Rudd -- 2003 -- 0f6000a382df606300cf32dada9889a1 -- Anna’s Archive.pdf,hd,hd_ra,Understanding the Planets in our Design - A COURSE IN -- Ra Uru Hu; Richard Rudd -- 2003 -- 0f6000a382df606300cf32dada9889a1 -- Anna’s Archive.pdf,.pdf,0f6000a382df606300cf32dada9889a1,Understanding the Planets in our Design - A COURSE IN,Ra Uru Hu; Richard Rudd,1993106
I Ching/64keys_Blue-I-Ching.pdf,I Ching,i_ching,64keys_Blue-I-Ching.pdf,.pdf,,64keys_Blue-I-Ching.pdf,,13367941
"I Ching/I Ching =_ The classic of changes -- Shaughnessy, Edward L_, 1952- -- Classics of ancient China, 1st ed_, New York, New York -- New York _ Ballantine -- isbn13 9780345362438 -- 6fdd8fb06918b30ffea37cd81d4acf48 -- Anna’s Archive.pdf",I Ching,i_ching,"I Ching =_ The classic of changes -- Shaughnessy, Edward L_, 1952- -- Classics of ancient China, 1st ed_, New York, New York -- New York _ Ballantine -- isbn13 9780345362438 -- 6fdd8fb06918b30ffea37cd81d4acf48 -- Anna’s Archive.pdf",.pdf,6fdd8fb06918b30ffea37cd81d4acf48,I Ching =_ The classic of changes,"Shaughnessy, Edward L_, 1952-",13846128
"I Ching/I Ching_ The Classic Chinese Oracle of Change [The First -- Rudolf and Stephen Karcher (translated by) Ritsema -- New York, New York State, 1995 -- isbn13 9781566199452 -- ebc4ca2fbe7f0152a22cdb8179a91453 -- Anna’s Archive.pdf",I Ching,i_ching,"I Ching_ The Classic Chinese Oracle of Change [The First -- Rudolf and Stephen Karcher (translated by) Ritsema -- New York, New York State, 1995 -- isbn13 9781566199452 -- ebc4ca2fbe7f0152a22cdb8179a91453 -- Anna’s Archive.pdf",.pdf,ebc4ca2fbe7f0152a22cdb8179a91453,I Ching_ The Classic Chinese Oracle of Change [The First,Rudolf and Stephen Karcher (translated by) Ritsema,39205969
"I Ching/The Book of Lines_ A 21st Century View of the IChing, the -- Chetan Parkyn [Parkyn, Chetan] -- 2014 -- Chetan Parkyn -- 9e86b7a2448cefdfaccdd05cb5430a62.pdf",I Ching,i_ching,"The Book of Lines_ A 21st Century View of the IChing, the -- Chetan Parkyn [Parkyn, Chetan] -- 2014 -- Chetan Parkyn -- 9e86b7a2448cefdfaccdd05cb5430a62.pdf",.pdf,9e86b7a2448cefdfaccdd05cb5430a62,"The Book of Lines_ A 21st Century View of the IChing, the","Chetan Parkyn [Parkyn, Chetan]",81336537
I Ching/The complete I Ching -- Alfred  Huang -- isbn13 9781594773860 -- b260a45fecafe85653a5a9f9812141aa -- Anna’s Archive.pdf,I Ching,i_ching,The complete I Ching -- Alfred  Huang -- isbn13 9781594773860 -- b260a45fecafe85653a5a9f9812141aa -- Anna’s Archive.pdf,.pdf,b260a45fecafe85653a5a9f9812141aa,The complete I Ching,Alfred  Huang,6690349
"I Ching/The I Ching or Book of Changes -- Richard (translator) ; Baynes, Cary F_ Wilhem -- Bollingen Series, 2013 -- Princeton University Press -- isbn13 9780691001715 -- ab1b320b884e83b951e57ff49d824621 -- Anna’s Archive.pdf",I Ching,i_ching,"The I Ching or Book of Changes -- Richard (translator) ; Baynes, Cary F_ Wilhem -- Bollingen Series, 2013 -- Princeton University Press -- isbn13 9780691001715 -- ab1b320b884e83b951e57ff49d824621 -- Anna’s Archive.pdf",.pdf,ab1b320b884e83b951e57ff49d824621,The I Ching or Book of Changes,"Richard (translator) ; Baynes, Cary F_ Wilhem",9087688
"I Ching/The I Ching, or, Book of Changes (Bollingen Series XIX) -- Wilhelm and Baynes, trans_ -- Bollingen series, 19, 3d ed_], eighth printing, November -- isbn13 9780691097503 -- f53e2237935cf72214e6a2bcb0ad5b95 -- Anna’s Archive.pdf",I Ching,i_ching,"The I Ching, or, Book of Changes (Bollingen Series XIX) -- Wilhelm and Baynes, trans_ -- Bollingen series, 19, 3d ed_], eighth printing, November -- isbn13 9780691097503 -- f53e2237935cf72214e6a2bcb0ad5b95 -- Anna’s Archive.pdf",.pdf,f53e2237935cf72214e6a2bcb0ad5b95,"The I Ching, or, Book of Changes (Bollingen Series XIX)","Wilhelm and Baynes, trans_",22897422
"I Ching/Understanding the I ching _ the Wilhelm lectures on the -- Wilhelm, Hellmut & Richard (Tr_ Cary Banes & Irene Eber) -- Bollingen Series XIX _ 2, -- isbn13 9780691001715 -- d7ccdfc52e41f03909ad6b37e83ee89a -- Anna’s Archive.pdf",I Ching,i_ching,"Understanding the I ching _ the Wilhelm lectures on the -- Wilhelm, Hellmut & Richard (Tr_ Cary Banes & Irene Eber) -- Bollingen Series XIX _ 2, -- isbn13 9780691001715 -- d7ccdfc52e41f03909ad6b37e83ee89a -- Anna’s Archive.pdf",.pdf,d7ccdfc52e41f03909ad6b37e83ee89a,Understanding the I ching _ the Wilhelm lectures on the,"Wilhelm, Hellmut & Richard (Tr_ Cary Banes & Irene Eber)",32910833
"I Ching/Unearthing the Changes_ Recently Discovered Manuscripts of -- Shaughnessy, Edward L_; -- 1, 1, 2014 -- 8dcb2be4ef8d88e8bdda28ef43b81967 -- Anna’s Archive.pdf",I Ching,i_ching,"Unearthing the Changes_ Recently Discovered Manuscripts of -- Shaughnessy, Edward L_; -- 1, 1, 2014 -- 8dcb2be4ef8d88e8bdda28ef43b81967 -- Anna’s Archive.pdf",.pdf,8dcb2be4ef8d88e8bdda28ef43b81967,Unearthing the Changes_ Recently Discovered Manuscripts of,"Shaughnessy, Edward L_;",3927063
"joveish/alterna K3 schule Brhajjatakam = Varahamihira's Brihat jataka -- India, 1929 -- oclc 6359909 -- fb662e0ccbaa57e48c781cacad32401e.zip",joveish,jyotish,"alterna K3 schule Brhajjatakam = Varahamihira's Brihat jataka -- India, 1929 -- oclc 6359909 -- fb662e0ccbaa57e48c781cacad32401e.zip",.zip,fb662e0ccbaa57e48c781cacad32401e,alterna K3 schule Brhajjatakam = Varahamihira's Brihat jataka,"India, 1929",662252
"joveish/K2+K3/Brihat Parasara Hora Sastra 1 -- Maharshi Parasara -- 1, 1984 -- Ranjan Publications -- 8d0c28cbdc3327fdb3737efba478b3a3 -- Anna’s Archive.pdf",joveish,jyotish,"Brihat Parasara Hora Sastra 1 -- Maharshi Parasara -- 1, 1984 -- Ranjan Publications -- 8d0c28cbdc3327fdb3737efba478b3a3 -- Anna’s Archive.pdf",.pdf,8d0c28cbdc3327fdb3737efba478b3a3,Brihat Parasara Hora Sastra 1,Maharshi Parasara,11285715
"joveish/K2+K3/Brihat Parasara Hora Sastra 2 -- Maharshi Parasara -- 2, 1984 -- Ranjan Publications -- 8d473cc1a9db6764372f0c4b31729147 -- Anna’s Archive.pdf",joveish,jyotish,"Brihat Parasara Hora Sastra 2 -- Maharshi Parasara -- 2, 1984 -- Ranjan Publications -- 8d473cc1a9db6764372f0c4b31729147 -- Anna’s Archive.pdf",.pdf,8d473cc1a9db6764372f0c4b31729147,Brihat Parasara Hora Sastra 2,Maharshi Parasara,11872488
"joveish/K4/Light on life _ an introduction to the astrology of India -- Hart Defouw and Robert Svoboda -- London, New York, England, 1996 -- Penguin Books -- isbn13 9780140195071 -- 81490ad9494f115208db4b55aae71e60 -- Anna’s Archive.pdf",joveish,jyotish,"Light on life _ an introduction to the astrology of India -- Hart Defouw and Robert Svoboda -- London, New York, England, 1996 -- Penguin Books -- isbn13 9780140195071 -- 81490ad9494f115208db4b55aae71e60 -- Anna’s Archive.pdf",.pdf,81490ad9494f115208db4b55aae71e60,Light on life _ an introduction to the astrology of India,Hart Defouw and Robert Svoboda,13466116
"kabalah/kabbalah_hermetic/777 and other Qabalistic writings of Aleister Crowley _ -- Aleister Crowley, Israel Regardie, Israel Regardie -- 1st pbk_ ed, York Beach, Me, 1986, -- isbn13 9780877282228 -- 5c7ac7e6c873b99be7191f22d5be718a -- Anna’s Archive.pdf",kabalah,kabbalah_hermetic,"777 and other Qabalistic writings of Aleister Crowley _ -- Aleister Crowley, Israel Regardie, Israel Regardie -- 1st pbk_ ed, York Beach, Me, 1986, -- isbn13 9780877282228 -- 5c7ac7e6c873b99be7191f22d5be718a -- Anna’s Archive.pdf",.pdf,5c7ac7e6c873b99be7191f22d5be718a,777 and other Qabalistic writings of Aleister Crowley _,"Aleister Crowley, Israel Regardie, Israel Regardie",936917
"kabalah/kabbalah_hermetic/777 and other Qabalistic writings of Aleister Crowley _ -- Aleister Crowley; Israel Regardie; C_ Allan Bennett -- 1st pbk_ ed, York Beach, Me, 1986, -- isbn13 9780877282228 -- 5ddcfe53fd6cc1e6464e12199e8ade4a -- Anna’s Archive.pdf",kabalah,kabbalah_hermetic,"777 and other Qabalistic writings of Aleister Crowley _ -- Aleister Crowley; Israel Regardie; C_ Allan Bennett -- 1st pbk_ ed, York Beach, Me, 1986, -- isbn13 9780877282228 -- 5ddcfe53fd6cc1e6464e12199e8ade4a -- Anna’s Archive.pdf",.pdf,5ddcfe53fd6cc1e6464e12199e8ade4a,777 and other Qabalistic writings of Aleister Crowley _,Aleister Crowley; Israel Regardie; C_ Allan Bennett,34705755
kabalah/kabbalah_hermetic/A Garden of Pomegranates -- Israel Regardie -- 2007 -- 0f02208bd9ac7c63c0e3a95b07eac905 -- Anna’s Archive.pdf,kabalah,kabbalah_hermetic,A Garden of Pomegranates -- Israel Regardie -- 2007 -- 0f02208bd9ac7c63c0e3a95b07eac905 -- Anna’s Archive.pdf,.pdf,0f02208bd9ac7c63c0e3a95b07eac905,A Garden of Pomegranates,Israel Regardie,8343424
kabalah/kabbalah_hermetic/The Middle Pillar -- Israel Regardie -- 2005 -- 409de07045bce7c1fb59c15704835b4c -- Anna’s Archive.pdf,kabalah,kabbalah_hermetic,The Middle Pillar -- Israel Regardie -- 2005 -- 409de07045bce7c1fb59c15704835b4c -- Anna’s Archive.pdf,.pdf,409de07045bce7c1fb59c15704835b4c,The Middle Pillar,Israel Regardie,11213887
kabalah/kabbalah_hermetic/The Mystical Qabalah -- Dion Fortune -- 2019 -- Global Grey -- 4bea12dd404ef9eb716f50e7b5b4c9b8 -- Anna’s Archive.pdf,kabalah,kabbalah_hermetic,The Mystical Qabalah -- Dion Fortune -- 2019 -- Global Grey -- 4bea12dd404ef9eb716f50e7b5b4c9b8 -- Anna’s Archive.pdf,.pdf,4bea12dd404ef9eb716f50e7b5b4c9b8,The Mystical Qabalah,Dion Fortune,4006534
"kabalah/kabbalah_jewish/Kabbalah _ New Perspectives -- Moshe Idel -- Yale University Press, New Haven, 1988 -- Yale University Press -- isbn13 9780300038606 -- f6394cbb164fd29b100f78a4ce86469d -- Anna’s Archive.pdf",kabalah,kabbalah_jewish,"Kabbalah _ New Perspectives -- Moshe Idel -- Yale University Press, New Haven, 1988 -- Yale University Press -- isbn13 9780300038606 -- f6394cbb164fd29b100f78a4ce86469d -- Anna’s Archive.pdf",.pdf,f6394cbb164fd29b100f78a4ce86469d,Kabbalah _ New Perspectives,Moshe Idel,26983073
"kabalah/kabbalah_jewish/Kabbalah _ New Perspectives -- Professor Moshe Idel -- Place of publication not identified, 1990 -- Yale University Press -- isbn13 9780300038606 -- c0d848928c8ae3cdfab4f0bb407c6c58 -- Anna’s Archive.pdf",kabalah,kabbalah_jewish,"Kabbalah _ New Perspectives -- Professor Moshe Idel -- Place of publication not identified, 1990 -- Yale University Press -- isbn13 9780300038606 -- c0d848928c8ae3cdfab4f0bb407c6c58 -- Anna’s Archive.pdf",.pdf,c0d848928c8ae3cdfab4f0bb407c6c58,Kabbalah _ New Perspectives,Professor Moshe Idel,3559717
"kabalah/kabbalah_jewish/Kabbalah_ A Guide to Qabalah, Jewish Mysticism, Sefer -- Silva, Mari -- 2021 -- 7a1ae2b00e2501e9700460eea57813c3 -- Anna’s Archive.epub",kabalah,kabbalah_jewish,"Kabbalah_ A Guide to Qabalah, Jewish Mysticism, Sefer -- Silva, Mari -- 2021 -- 7a1ae2b00e2501e9700460eea57813c3 -- Anna’s Archive.epub",.epub,7a1ae2b00e2501e9700460eea57813c3,"Kabbalah_ A Guide to Qabalah, Jewish Mysticism, Sefer","Silva, Mari",1268081
"kabalah/kabbalah_jewish/Kaplan — Meditation and Kabbalah -- Weiser, LLC, York -- isbn13 9780877283652 -- 3f4c6d6ee7ea352bdbc02a6c786d067c.pdf",kabalah,kabbalah_jewish,"Kaplan — Meditation and Kabbalah -- Weiser, LLC, York -- isbn13 9780877283652 -- 3f4c6d6ee7ea352bdbc02a6c786d067c.pdf",.pdf,3f4c6d6ee7ea352bdbc02a6c786d067c,Kaplan — Meditation and Kabbalah,"Weiser, LLC, York",16146768
kabalah/kabbalah_jewish/Major trends in Jewish mysticism -- Gershom Scholem -- 2017 -- 9a943b0380598afbe9f73f923ac5bf91 -- Anna’s Archive.pdf,kabalah,kabbalah_jewish,Major trends in Jewish mysticism -- Gershom Scholem -- 2017 -- 9a943b0380598afbe9f73f923ac5bf91 -- Anna’s Archive.pdf,.pdf,9a943b0380598afbe9f73f923ac5bf91,Major trends in Jewish mysticism,Gershom Scholem,26935897
"kabalah/kabbalah_jewish/On the Mystical Shape of the Godhead_ Basic Concepts in the -- Gershom Scholem; Joachim Neugroschel -- Mysticism & Kabbalah, 1997 -- Schocken Books, -- isbn13 9780307787026 -- d400d46338607f880f47f2c689ef4685 -- Anna’s Archive.pdf",kabalah,kabbalah_jewish,"On the Mystical Shape of the Godhead_ Basic Concepts in the -- Gershom Scholem; Joachim Neugroschel -- Mysticism & Kabbalah, 1997 -- Schocken Books, -- isbn13 9780307787026 -- d400d46338607f880f47f2c689ef4685 -- Anna’s Archive.pdf",.pdf,d400d46338607f880f47f2c689ef4685,On the Mystical Shape of the Godhead_ Basic Concepts in the,Gershom Scholem; Joachim Neugroschel,24837170
"kabalah/kabbalah_jewish/The Bahir _ Illumination -- Aryeh Kaplan; Neḥunya ben ha-Kanah -- San Francisco, Calif, 2001 -- Weiser Books -- isbn13 9780877286189 -- 53b8f1f2738033bf67e2e383f2236440 -- Anna’s Archive.epub",kabalah,kabbalah_jewish,"The Bahir _ Illumination -- Aryeh Kaplan; Neḥunya ben ha-Kanah -- San Francisco, Calif, 2001 -- Weiser Books -- isbn13 9780877286189 -- 53b8f1f2738033bf67e2e383f2236440 -- Anna’s Archive.epub",.epub,53b8f1f2738033bf67e2e383f2236440,The Bahir _ Illumination,Aryeh Kaplan; Neḥunya ben ha-Kanah,5142775
"kabalah/kabbalah_jewish/The Zohar_ Pritzker Edition, Vol_ 1 (Volume 1) -- _translation and commentary by Daniel C_ Matt; Daniel Chanan -- The Zohar_ Pritzker Edition (Book -- isbn13 9780804747479 -- 5b0901cabdfaa8cbc4527dabab53220e.pdf",kabalah,kabbalah_jewish,"The Zohar_ Pritzker Edition, Vol_ 1 (Volume 1) -- _translation and commentary by Daniel C_ Matt; Daniel Chanan -- The Zohar_ Pritzker Edition (Book -- isbn13 9780804747479 -- 5b0901cabdfaa8cbc4527dabab53220e.pdf",.pdf,5b0901cabdfaa8cbc4527dabab53220e,"The Zohar_ Pritzker Edition, Vol_ 1 (Volume 1)",_translation and commentary by Daniel C_ Matt; Daniel Chanan,6144942
"kabalah/kabbalah_jewish/The Zohar_ Pritzker Edition, Vol_ 2 (Volume 2) -- _translation and commentary by Daniel C_ Matt; Daniel Chanan -- The Zohar_ Pritzker Edition (Book -- isbn13 9780804747479 -- 9490b828da99f0e186b6ddf03caed425.pdf",kabalah,kabbalah_jewish,"The Zohar_ Pritzker Edition, Vol_ 2 (Volume 2) -- _translation and commentary by Daniel C_ Matt; Daniel Chanan -- The Zohar_ Pritzker Edition (Book -- isbn13 9780804747479 -- 9490b828da99f0e186b6ddf03caed425.pdf",.pdf,9490b828da99f0e186b6ddf03caed425,"The Zohar_ Pritzker Edition, Vol_ 2 (Volume 2)",_translation and commentary by Daniel C_ Matt; Daniel Chanan,5448011
kabalah/kabbalah_jewish/Zohar_ The Book of Enlightenment (Classics of Western -- Anonymous; Daniel C_ Matt; Moses ben Shem Tov; Arthur Green -- The Classics of Western -- isbn13 9780809103201 -- 19de2786e1c78ead4ec439f44dd2c6a9.pdf,kabalah,kabbalah_jewish,Zohar_ The Book of Enlightenment (Classics of Western -- Anonymous; Daniel C_ Matt; Moses ben Shem Tov; Arthur Green -- The Classics of Western -- isbn13 9780809103201 -- 19de2786e1c78ead4ec439f44dd2c6a9.pdf,.pdf,19de2786e1c78ead4ec439f44dd2c6a9,Zohar_ The Book of Enlightenment (Classics of Western,Anonymous; Daniel C_ Matt; Moses ben Shem Tov; Arthur Green,4196311
"kabalah/The Book of Creation ; in theory and practice, Sefer Yetzirah -- isbn13 9780877288558 -- 8458154f0c2af9be777d2744eb7292a4 -- Anna’s Archive.pdf",kabalah,kabbalah_jewish,"The Book of Creation ; in theory and practice, Sefer Yetzirah -- isbn13 9780877288558 -- 8458154f0c2af9be777d2744eb7292a4 -- Anna’s Archive.pdf",.pdf,8458154f0c2af9be777d2744eb7292a4,"The Book of Creation ; in theory and practice, Sefer Yetzirah",isbn13 9780877288558,23725584
"mayan_tzolkin/Earth ascending _ an illustrated treatise on the law -- Argüelles, José, 1939-2011 -- 1st ed_, Boulder, Colo, [New York, N_Y_], Colorado, 1984 -- isbn13 9780394723303 -- e4f98258ccab721724fa8a38360961f3.pdf",mayan_tzolkin,mayan_tzolkin,"Earth ascending _ an illustrated treatise on the law -- Argüelles, José, 1939-2011 -- 1st ed_, Boulder, Colo, [New York, N_Y_], Colorado, 1984 -- isbn13 9780394723303 -- e4f98258ccab721724fa8a38360961f3.pdf",.pdf,e4f98258ccab721724fa8a38360961f3,Earth ascending _ an illustrated treatise on the law,"Argüelles, José, 1939-2011",13095144
mayan_tzolkin/Galactic Alignment -- John Major Jenkins -- isbn13 9781591438106 -- 4b9a718c22b08ee20723d0ce44a5a21e.pdf,mayan_tzolkin,mayan_tzolkin,Galactic Alignment -- John Major Jenkins -- isbn13 9781591438106 -- 4b9a718c22b08ee20723d0ce44a5a21e.pdf,.pdf,4b9a718c22b08ee20723d0ce44a5a21e,Galactic Alignment,John Major Jenkins,6439401
"mayan_tzolkin/The Mayan Factor _ Path Beyond Technology -- José Argüelles -- Simon & Schuster, [N_p_], 1987 -- Bear & Company -- isbn13 9780939680382 -- d85ec9c1bb3280ec01e738749381ecaf.pdf",mayan_tzolkin,mayan_tzolkin,"The Mayan Factor _ Path Beyond Technology -- José Argüelles -- Simon & Schuster, [N_p_], 1987 -- Bear & Company -- isbn13 9780939680382 -- d85ec9c1bb3280ec01e738749381ecaf.pdf",.pdf,d85ec9c1bb3280ec01e738749381ecaf,The Mayan Factor _ Path Beyond Technology,José Argüelles,11339915
"nine_star/Nine Star Ki_ Michio Kushi's Guidebook on Love and -- Kushi, Michio, Esko, Edward -- 1st ed_, Becket, Mass, Massachusetts, 1991 -- Becket, Mass_ _ One -- isbn13 9780962852800 -- fd643b4124f5d3a746fb7abf498d3a04.pdf",nine_star,nine_star_ki,"Nine Star Ki_ Michio Kushi's Guidebook on Love and -- Kushi, Michio, Esko, Edward -- 1st ed_, Becket, Mass, Massachusetts, 1991 -- Becket, Mass_ _ One -- isbn13 9780962852800 -- fd643b4124f5d3a746fb7abf498d3a04.pdf",.pdf,fd643b4124f5d3a746fb7abf498d3a04,Nine Star Ki_ Michio Kushi's Guidebook on Love and,"Kushi, Michio, Esko, Edward",6115004
"nine_star/The complete guide to nine star ki _ a timeless system -- Bob Sachs; [foreword by Michio Kushi and Ed Esko] -- Shaftesbury, Dorset, Rockport, Mass, -- isbn13 9781852303341 -- 65da1dbfffb01a389872ed010a099bbe.pdf",nine_star,nine_star_ki,"The complete guide to nine star ki _ a timeless system -- Bob Sachs; [foreword by Michio Kushi and Ed Esko] -- Shaftesbury, Dorset, Rockport, Mass, -- isbn13 9781852303341 -- 65da1dbfffb01a389872ed010a099bbe.pdf",.pdf,65da1dbfffb01a389872ed010a099bbe,The complete guide to nine star ki _ a timeless system,Bob Sachs; [foreword by Michio Kushi and Ed Esko],10408927
"numerology/Numerology the Complete Guide, Volume 2_ Advanced -- Matthew Oliver Goodwin -- 2, 1st, 2000 -- Newcastle Publishing Company, Incorporated -- isbn13 9780878770533 -- 7dfe4982e5476880fff70ef48f07ad59.pdf",numerology,numerology,"Numerology the Complete Guide, Volume 2_ Advanced -- Matthew Oliver Goodwin -- 2, 1st, 2000 -- Newcastle Publishing Company, Incorporated -- isbn13 9780878770533 -- 7dfe4982e5476880fff70ef48f07ad59.pdf",.pdf,7dfe4982e5476880fff70ef48f07ad59,"Numerology the Complete Guide, Volume 2_ Advanced",Matthew Oliver Goodwin,17734589
"numerology/Numerology the romance in your name (a standard work) -- Jordan, Juno -- New Ed edition, 1978 -- Marina del Rey, Calif_ _ DeVorss -- isbn13 9780875162270 -- 4b1f613a704038e784017f7efdd16ce8.pdf",numerology,numerology,"Numerology the romance in your name (a standard work) -- Jordan, Juno -- New Ed edition, 1978 -- Marina del Rey, Calif_ _ DeVorss -- isbn13 9780875162270 -- 4b1f613a704038e784017f7efdd16ce8.pdf",.pdf,4b1f613a704038e784017f7efdd16ce8,Numerology the romance in your name (a standard work),"Jordan, Juno",16067546
"numerology/Numerology, A complete guide to understanding___ (2002) -- Decoz, Has & Monte, Tom -- 1st Perigee ed_, New York, NY, New York State, 2002 -- Avery -- isbn13 9780399527326 -- d426ca877b76d6c2969784079d2eb541.pdf",numerology,numerology,"Numerology, A complete guide to understanding___ (2002) -- Decoz, Has & Monte, Tom -- 1st Perigee ed_, New York, NY, New York State, 2002 -- Avery -- isbn13 9780399527326 -- d426ca877b76d6c2969784079d2eb541.pdf",.pdf,d426ca877b76d6c2969784079d2eb541,"Numerology, A complete guide to understanding___ (2002)","Decoz, Has & Monte, Tom",15901486
"numerology/Numerology_ The Complete Guide _ Volume 1_ The Personality -- Matthew Oliver Goodwin -- 1988 -- Newcastle Publishing Company, Incorporated -- isbn13 9780878770533 -- 091e0679c64ed5cd0cb3c3b27fe0de53.pdf",numerology,numerology,"Numerology_ The Complete Guide _ Volume 1_ The Personality -- Matthew Oliver Goodwin -- 1988 -- Newcastle Publishing Company, Incorporated -- isbn13 9780878770533 -- 091e0679c64ed5cd0cb3c3b27fe0de53.pdf",.pdf,091e0679c64ed5cd0cb3c3b27fe0de53,Numerology_ The Complete Guide _ Volume 1_ The Personality,Matthew Oliver Goodwin,12239555
other_hd/2022 Quantum Human Design Evolution Guide_ Using Solar -- Karen Curry Parker -- 2022 -- Human Design Press -- 02c07d826099b19160f39bfbc93e4b7b -- Anna’s Archive.pdf,other_hd,hd_other,2022 Quantum Human Design Evolution Guide_ Using Solar -- Karen Curry Parker -- 2022 -- Human Design Press -- 02c07d826099b19160f39bfbc93e4b7b -- Anna’s Archive.pdf,.pdf,02c07d826099b19160f39bfbc93e4b7b,2022 Quantum Human Design Evolution Guide_ Using Solar,Karen Curry Parker,5396993
"other_hd/Abundance by Design -- Karen Curry Parker -- 2016 -- GracePoint Matrix, LLC -- 7d15b7564a6b0884606cf125f9b2d80b -- Anna’s Archive.pdf",other_hd,hd_other,"Abundance by Design -- Karen Curry Parker -- 2016 -- GracePoint Matrix, LLC -- 7d15b7564a6b0884606cf125f9b2d80b -- Anna’s Archive.pdf",.pdf,7d15b7564a6b0884606cf125f9b2d80b,Abundance by Design,Karen Curry Parker,8523666
"other_hd/BaanTu_ The Key to Your Nature and Life 1 -- Steve Rhodes -- The Human Design Trilogy, 1, 3, 2015 -- RME Publishing -- 5692198d2741d2298007eec1b5278850 -- Anna’s Archive.pdf",other_hd,hd_other,"BaanTu_ The Key to Your Nature and Life 1 -- Steve Rhodes -- The Human Design Trilogy, 1, 3, 2015 -- RME Publishing -- 5692198d2741d2298007eec1b5278850 -- Anna’s Archive.pdf",.pdf,5692198d2741d2298007eec1b5278850,BaanTu_ The Key to Your Nature and Life 1,Steve Rhodes,3764636
other_hd/How Do You Choose_ -- Erin Claire Jones -- 2025 -- HarperCollins -- 7db4160418580ac8fd422e29bdd3142d -- Anna’s Archive.epub,other_hd,hd_other,How Do You Choose_ -- Erin Claire Jones -- 2025 -- HarperCollins -- 7db4160418580ac8fd422e29bdd3142d -- Anna’s Archive.epub,.epub,7db4160418580ac8fd422e29bdd3142d,How Do You Choose_,Erin Claire Jones,1068757
"other_hd/Human design _ how to read a graph -- Steve Rhodes -- The Human Design Trilogy, 1, 2015 -- Bhan Tugh Publishing -- isbn13 9781517749897 -- 64514fef20c1a7a6536f77126f3e93c9 -- Anna’s Archive.pdf",other_hd,hd_other,"Human design _ how to read a graph -- Steve Rhodes -- The Human Design Trilogy, 1, 2015 -- Bhan Tugh Publishing -- isbn13 9781517749897 -- 64514fef20c1a7a6536f77126f3e93c9 -- Anna’s Archive.pdf",.pdf,64514fef20c1a7a6536f77126f3e93c9,Human design _ how to read a graph,Steve Rhodes,8720376
other_hd/Human Design Made Simple_ Unlock Your Strengths and Discover -- Emma Dunwoody -- 2025 -- Penguin Publishing Group -- d6aa37ca4a12ffeb0febf87186efa0bb -- Anna’s Archive.epub,other_hd,hd_other,Human Design Made Simple_ Unlock Your Strengths and Discover -- Emma Dunwoody -- 2025 -- Penguin Publishing Group -- d6aa37ca4a12ffeb0febf87186efa0bb -- Anna’s Archive.epub,.epub,d6aa37ca4a12ffeb0febf87186efa0bb,Human Design Made Simple_ Unlock Your Strengths and Discover,Emma Dunwoody,4143372
other_hd/Human Design System - The Centres -- Peter Schoeber -- 2014 -- Human Design Services -- 87fa16d779ca4813d97e4cd989917b78 -- Anna’s Archive.pdf,other_hd,hd_other,Human Design System - The Centres -- Peter Schoeber -- 2014 -- Human Design Services -- 87fa16d779ca4813d97e4cd989917b78 -- Anna’s Archive.pdf,.pdf,87fa16d779ca4813d97e4cd989917b78,Human Design System - The Centres,Peter Schoeber,9543032
other_hd/Intro to Human Design System -- Karen Curry Parker -- 2019 -- 67a612e0cf6aa5326a738b4ae00a94f3 -- Anna’s Archive.pdf,other_hd,hd_other,Intro to Human Design System -- Karen Curry Parker -- 2019 -- 67a612e0cf6aa5326a738b4ae00a94f3 -- Anna’s Archive.pdf,.pdf,67a612e0cf6aa5326a738b4ae00a94f3,Intro to Human Design System,Karen Curry Parker,1383610
other_hd/Quantum Activation Cards Companion Guidebook -- Karen Curry Parker -- 2021 -- Human Design Press -- 917d6c150b197216c43057f65515b7f2 -- Anna’s Archive.pdf,other_hd,hd_other,Quantum Activation Cards Companion Guidebook -- Karen Curry Parker -- 2021 -- Human Design Press -- 917d6c150b197216c43057f65515b7f2 -- Anna’s Archive.pdf,.pdf,917d6c150b197216c43057f65515b7f2,Quantum Activation Cards Companion Guidebook,Karen Curry Parker,2015382
other_hd/Quantum Wellness -- Karen Curry Parker -- 2025 -- Human Design Press -- isbn13 9781961347830 -- 20ae81afcd903055a4ab48b6f81f39e3 -- Anna’s Archive.epub,other_hd,hd_other,Quantum Wellness -- Karen Curry Parker -- 2025 -- Human Design Press -- isbn13 9781961347830 -- 20ae81afcd903055a4ab48b6f81f39e3 -- Anna’s Archive.epub,.epub,20ae81afcd903055a4ab48b6f81f39e3,Quantum Wellness,Karen Curry Parker,18610532
other_hd/The Encyclopedia of Quantum Human Design -- Karen Curry Parker -- 4444078c55df635c975f0226d7f31de3 -- Anna’s Archive.pdf,other_hd,hd_other,The Encyclopedia of Quantum Human Design -- Karen Curry Parker -- 4444078c55df635c975f0226d7f31de3 -- Anna’s Archive.pdf,.pdf,4444078c55df635c975f0226d7f31de3,The Encyclopedia of Quantum Human Design,Karen Curry Parker,15320803
other_hd/The Human Design Workbook Karan Curry Parler -- isbn13 9781950253296 -- d49bb8e3d9789def3039c9ab5426dd5b -- Anna’s Archive.pdf,other_hd,hd_other,The Human Design Workbook Karan Curry Parler -- isbn13 9781950253296 -- d49bb8e3d9789def3039c9ab5426dd5b -- Anna’s Archive.pdf,.pdf,d49bb8e3d9789def3039c9ab5426dd5b,The Human Design Workbook Karan Curry Parler,isbn13 9781950253296,10223216
other_hd/The Quantum Human -- Karen Curry Parker -- 2021 -- Human Design Press -- fc6bf768a95fdbeb3e45b8c42901a824 -- Anna’s Archive.pdf,other_hd,hd_other,The Quantum Human -- Karen Curry Parker -- 2021 -- Human Design Press -- fc6bf768a95fdbeb3e45b8c42901a824 -- Anna’s Archive.pdf,.pdf,fc6bf768a95fdbeb3e45b8c42901a824,The Quantum Human,Karen Curry Parker,5037622
"other_hd/Understanding Human Design _ The New Science of Astrology_ -- Karen Curry Parker -- Red Wheel_Weiser, LLC, [San Antonio, TX], 2013 -- Hierophant -- isbn13 9781461937036 -- 5675858164d1a9e48fe49f68430fef62 -- Anna’s Arch.epub",other_hd,hd_other,"Understanding Human Design _ The New Science of Astrology_ -- Karen Curry Parker -- Red Wheel_Weiser, LLC, [San Antonio, TX], 2013 -- Hierophant -- isbn13 9781461937036 -- 5675858164d1a9e48fe49f68430fef62 -- Anna’s Arch.epub",.epub,5675858164d1a9e48fe49f68430fef62,Understanding Human Design _ The New Science of Astrology_,Karen Curry Parker,11828475
other_hd/Understanding the Centers in Human Design_ The Facilitator's -- Robin Winn -- 2021 -- Difference Press -- a6cfe81a6b3b46e91737d7a7580d7179 -- Anna’s Archive.pdf,other_hd,hd_other,Understanding the Centers in Human Design_ The Facilitator's -- Robin Winn -- 2021 -- Difference Press -- a6cfe81a6b3b46e91737d7a7580d7179 -- Anna’s Archive.pdf,.pdf,a6cfe81a6b3b46e91737d7a7580d7179,Understanding the Centers in Human Design_ The Facilitator's,Robin Winn,6120245
"other_hd/Understanding the profiles in human design 3 3 -- Robin Winn MFT -- 3, 2022 -- Independently Published -- isbn13 9788443150797 -- b55f87117500f0f1992c87a3b6f9517e -- Anna’s Archive.pdf",other_hd,hd_other,"Understanding the profiles in human design 3 3 -- Robin Winn MFT -- 3, 2022 -- Independently Published -- isbn13 9788443150797 -- b55f87117500f0f1992c87a3b6f9517e -- Anna’s Archive.pdf",.pdf,b55f87117500f0f1992c87a3b6f9517e,Understanding the profiles in human design 3 3,Robin Winn MFT,1798060
"other_hd/Understanding Your Clients through Human Design_ The -- Robin Winn -- Washington, DC, 2020 -- Difference Press -- isbn13 9781683092742 -- b4ac5db984c548915998fd96f39f8e27 -- Anna’s Archive.pdf",other_hd,hd_other,"Understanding Your Clients through Human Design_ The -- Robin Winn -- Washington, DC, 2020 -- Difference Press -- isbn13 9781683092742 -- b4ac5db984c548915998fd96f39f8e27 -- Anna’s Archive.pdf",.pdf,b4ac5db984c548915998fd96f39f8e27,Understanding Your Clients through Human Design_ The,Robin Winn,1813661
"pancha_bhuta/Agnivesa's Caraka Samhita -- Volume 1, -- 1af09d91650870e127cab62d39a79858 -- Anna’s Archive.pdf",pancha_bhuta,pancha_bhuta,"Agnivesa's Caraka Samhita -- Volume 1, -- 1af09d91650870e127cab62d39a79858 -- Anna’s Archive.pdf",.pdf,1af09d91650870e127cab62d39a79858,Agnivesa's Caraka Samhita,"Volume 1,",38271356
"pancha_bhuta/K3+K4/Motilal Banarsidass Publishers Pvt_ Ltd_ Ayurvedic -- Frawley, David -- Reprint, Delhi, 2016, ©2005 -- Motilal Banarsidass, -- isbn13 9788120831346 -- f12b0e26a6571af967c8fdfd68b25de2 -- Anna’s Archive.pdf",pancha_bhuta,pancha_bhuta,"Motilal Banarsidass Publishers Pvt_ Ltd_ Ayurvedic -- Frawley, David -- Reprint, Delhi, 2016, ©2005 -- Motilal Banarsidass, -- isbn13 9788120831346 -- f12b0e26a6571af967c8fdfd68b25de2 -- Anna’s Archive.pdf",.pdf,f12b0e26a6571af967c8fdfd68b25de2,Motilal Banarsidass Publishers Pvt_ Ltd_ Ayurvedic,"Frawley, David",14220031
"pancha_bhuta/K3+K4/Textbook of Ayurveda_ A history and philosophy of Ayurveda 1 -- Vasant Dattatray Lad; Glen Crowther; Yvonne Wylie Walston -- Albuquerque, N_M, -- isbn13 9781883725075 -- 7f9a22134bea8c6ad1dcaf2f63f7ef32 -- Anna’s Archive.pdf",pancha_bhuta,pancha_bhuta,"Textbook of Ayurveda_ A history and philosophy of Ayurveda 1 -- Vasant Dattatray Lad; Glen Crowther; Yvonne Wylie Walston -- Albuquerque, N_M, -- isbn13 9781883725075 -- 7f9a22134bea8c6ad1dcaf2f63f7ef32 -- Anna’s Archive.pdf",.pdf,7f9a22134bea8c6ad1dcaf2f63f7ef32,Textbook of Ayurveda_ A history and philosophy of Ayurveda 1,Vasant Dattatray Lad; Glen Crowther; Yvonne Wylie Walston,14869130
"pancha_bhuta/K3+K4/The Sushruta samhita _ an English translation _ based on -- Kaviraj Kunjalal Bhishagratna -- New Delhi, 2006 -- Cosmo (Publications,India) -- isbn13 9788130702773 -- 6d7c8a8610d3a4f0c4556cc6a3d08bc1 -- Anna’s Archive.pdf",pancha_bhuta,pancha_bhuta,"The Sushruta samhita _ an English translation _ based on -- Kaviraj Kunjalal Bhishagratna -- New Delhi, 2006 -- Cosmo (Publications,India) -- isbn13 9788130702773 -- 6d7c8a8610d3a4f0c4556cc6a3d08bc1 -- Anna’s Archive.pdf",.pdf,6d7c8a8610d3a4f0c4556cc6a3d08bc1,The Sushruta samhita _ an English translation _ based on,Kaviraj Kunjalal Bhishagratna,22995232
pancha_bhuta/Samkhya Karika Of Isvara Krsna -- Tattva Kaumudi -- 1995 -- Sri Ramakrishna Math -- bcdd18a9b20ad1ca802ff8368ccbb592 -- Anna’s Archive.pdf,pancha_bhuta,pancha_bhuta,Samkhya Karika Of Isvara Krsna -- Tattva Kaumudi -- 1995 -- Sri Ramakrishna Math -- bcdd18a9b20ad1ca802ff8368ccbb592 -- Anna’s Archive.pdf,.pdf,bcdd18a9b20ad1ca802ff8368ccbb592,Samkhya Karika Of Isvara Krsna,Tattva Kaumudi,11943967
western_elements/On Generation and Corruption -- Aristotle -- 2018 -- a6b435d0057415b13844215239c63e30 -- Anna’s Archive.pdf,western_elements,western_elements,On Generation and Corruption -- Aristotle -- 2018 -- a6b435d0057415b13844215239c63e30 -- Anna’s Archive.pdf,.pdf,a6b435d0057415b13844215239c63e30,On Generation and Corruption,Aristotle,1399006
"western_elements/Paracelsus _ essential readings -- Paracelsus; Nicholas Goodrick-Clarke -- Essential readings, Wellingborough, Northamptonshire, -- Crucible -- isbn13 9781852740665 -- be07bd7dfc04c98bff1104376706222d.pdf",western_elements,western_elements,"Paracelsus _ essential readings -- Paracelsus; Nicholas Goodrick-Clarke -- Essential readings, Wellingborough, Northamptonshire, -- Crucible -- isbn13 9781852740665 -- be07bd7dfc04c98bff1104376706222d.pdf",.pdf,be07bd7dfc04c98bff1104376706222d,Paracelsus _ essential readings,Paracelsus; Nicholas Goodrick-Clarke,32083866
"western_elements/The Fragments Of Empedocles_ Translated Into English Verse -- Empedocles, Leonard, William Ellery, 1876-1944 -- Open Court paperbacks, LaSalle, Ill, -- isbn13 9780875483016 -- a427087e4caa49ddd795a94abe159f04 -- Anna’s Archive.pdf",western_elements,western_elements,"The Fragments Of Empedocles_ Translated Into English Verse -- Empedocles, Leonard, William Ellery, 1876-1944 -- Open Court paperbacks, LaSalle, Ill, -- isbn13 9780875483016 -- a427087e4caa49ddd795a94abe159f04 -- Anna’s Archive.pdf",.pdf,a427087e4caa49ddd795a94abe159f04,The Fragments Of Empedocles_ Translated Into English Verse,"Empedocles, Leonard, William Ellery, 1876-1944",3404199
"wu_xing/Chinese medicine_ the web that has no weaver -- Ted J_ Kaptchuk -- London, England, 1985 -- Rider; Ebury Publishing -- isbn13 9780712611725 -- 34a8278b13ae7a9fd227ab755255111b -- Anna’s Archive.pdf",wu_xing,wu_xing,"Chinese medicine_ the web that has no weaver -- Ted J_ Kaptchuk -- London, England, 1985 -- Rider; Ebury Publishing -- isbn13 9780712611725 -- 34a8278b13ae7a9fd227ab755255111b -- Anna’s Archive.pdf",.pdf,34a8278b13ae7a9fd227ab755255111b,Chinese medicine_ the web that has no weaver,Ted J_ Kaptchuk,18728381
"wu_xing/The Foundations of Chinese Medicine_ A Comprehensive Text, -- Giovanni Maciocia CAc(Nanjing) -- Array, 2015 -- Churchill Livingstone;Elsevier -- isbn13 9780702052163 -- 9688865156ec36607fbe2bfdf507b8c8 -- Anna’s Archive.pdf",wu_xing,wu_xing,"The Foundations of Chinese Medicine_ A Comprehensive Text, -- Giovanni Maciocia CAc(Nanjing) -- Array, 2015 -- Churchill Livingstone;Elsevier -- isbn13 9780702052163 -- 9688865156ec36607fbe2bfdf507b8c8 -- Anna’s Archive.pdf",.pdf,9688865156ec36607fbe2bfdf507b8c8,"The Foundations of Chinese Medicine_ A Comprehensive Text,",Giovanni Maciocia CAc(Nanjing),56680979
wu_xing/The Yellow Emperor’s Classic of Medicine — Essential -- Jinghua Fu && Mingshan Yang -- 2019 -- dacb65ae6ac7797e69211fb3618436d0 -- Anna’s Archive.pdf,wu_xing,wu_xing,The Yellow Emperor’s Classic of Medicine — Essential -- Jinghua Fu && Mingshan Yang -- 2019 -- dacb65ae6ac7797e69211fb3618436d0 -- Anna’s Archive.pdf,.pdf,dacb65ae6ac7797e69211fb3618436d0,The Yellow Emperor’s Classic of Medicine — Essential,Jinghua Fu && Mingshan Yang,8509459
"wu_xing/Zang fu 脏腑 the organ systems of traditional Chinese medicine -- Jeremy Ross -- 2, 1998 -- Churchill living stone -- 86c4e4ccb45fa58d3800fae08583cb81 -- Anna’s Archive.pdf",wu_xing,wu_xing,"Zang fu 脏腑 the organ systems of traditional Chinese medicine -- Jeremy Ross -- 2, 1998 -- Churchill living stone -- 86c4e4ccb45fa58d3800fae08583cb81 -- Anna’s Archive.pdf",.pdf,86c4e4ccb45fa58d3800fae08583cb81,Zang fu 脏腑 the organ systems of traditional Chinese medicine,Jeremy Ross,70053668
ziwei/680王亭之-中州派紫微斗数初级讲义_pdf -- c608a5149cf11573b59c9552507b40a1.pdf,ziwei,ziwei,680王亭之-中州派紫微斗数初级讲义_pdf -- c608a5149cf11573b59c9552507b40a1.pdf,.pdf,c608a5149cf11573b59c9552507b40a1,680王亭之-中州派紫微斗数初级讲义_pdf,c608a5149cf11573b59c9552507b40a1.pdf,13832076
ziwei/中州派紫微斗数深造讲义 -- 王亭之 -- 09f1ff5bd70336de1315df158ef2a261.pdf,ziwei,ziwei,中州派紫微斗数深造讲义 -- 王亭之 -- 09f1ff5bd70336de1315df158ef2a261.pdf,.pdf,09f1ff5bd70336de1315df158ef2a261,中州派紫微斗数深造讲义,王亭之,158495766
ziwei/王亭之-紫微斗数讲义补注(上册) -- 王亭之 -- 922e192fdba5d7881732f73be7622760.pdf,ziwei,ziwei,王亭之-紫微斗数讲义补注(上册) -- 王亭之 -- 922e192fdba5d7881732f73be7622760.pdf,.pdf,922e192fdba5d7881732f73be7622760,王亭之-紫微斗数讲义补注(上册),王亭之,4162004
ziwei/王亭之-紫微斗数讲义补注(下册) -- 王亭之 -- 93e83656b251d468b3199f38b0291d1c.pdf,ziwei,ziwei,王亭之-紫微斗数讲义补注(下册) -- 王亭之 -- 93e83656b251d468b3199f38b0291d1c.pdf,.pdf,93e83656b251d468b3199f38b0291d1c,王亭之-紫微斗数讲义补注(下册),王亭之,4033296
ziwei/王亭之-紫微斗数讲义补注(中册 -- 王亭之 -- d35ec125d3332c5ea3cb7c9f326856d0.pdf,ziwei,ziwei,王亭之-紫微斗数讲义补注(中册 -- 王亭之 -- d35ec125d3332c5ea3cb7c9f326856d0.pdf,.pdf,d35ec125d3332c5ea3cb7c9f326856d0,王亭之-紫微斗数讲义补注(中册,王亭之,3796439
ziwei/王亭之紫微斗数全集一 -- ixinzhi -- iBooker xinzhi -- db184e7356a0bbbafd3a1da4b5075847.pdf,ziwei,ziwei,王亭之紫微斗数全集一 -- ixinzhi -- iBooker xinzhi -- db184e7356a0bbbafd3a1da4b5075847.pdf,.pdf,db184e7356a0bbbafd3a1da4b5075847,王亭之紫微斗数全集一,ixinzhi,10458037
ziwei/王亭之紫微斗数全集三 -- ixinzhi -- iBooker xinzhi -- 82e8fc3c6a9c6fef64312b08baf4d0b3.pdf,ziwei,ziwei,王亭之紫微斗数全集三 -- ixinzhi -- iBooker xinzhi -- 82e8fc3c6a9c6fef64312b08baf4d0b3.pdf,.pdf,82e8fc3c6a9c6fef64312b08baf4d0b3,王亭之紫微斗数全集三,ixinzhi,16490374
ziwei/王亭之紫微斗数全集二 -- ixinzhi -- iBooker xinzhi -- cd527cf82f1d22076ffbff621e9d4f68.pdf,ziwei,ziwei,王亭之紫微斗数全集二 -- ixinzhi -- iBooker xinzhi -- cd527cf82f1d22076ffbff621e9d4f68.pdf,.pdf,cd527cf82f1d22076ffbff621e9d4f68,王亭之紫微斗数全集二,ixinzhi,5524131
ziwei/王亭之紫微斗数全集五 -- ixinzhi -- iBooker xinzhi -- bfd27cc3101bd7bd7e0679ca380fed4f.pdf,ziwei,ziwei,王亭之紫微斗数全集五 -- ixinzhi -- iBooker xinzhi -- bfd27cc3101bd7bd7e0679ca380fed4f.pdf,.pdf,bfd27cc3101bd7bd7e0679ca380fed4f,王亭之紫微斗数全集五,ixinzhi,11404336
ziwei/王亭之紫微斗数全集六 -- ixinzhi -- iBooker xinzhi -- ba71cd450f8ceda4f93ce5470e449489.pdf,ziwei,ziwei,王亭之紫微斗数全集六 -- ixinzhi -- iBooker xinzhi -- ba71cd450f8ceda4f93ce5470e449489.pdf,.pdf,ba71cd450f8ceda4f93ce5470e449489,王亭之紫微斗数全集六,ixinzhi,15565956
ziwei/王亭之紫微斗数全集四 -- ixinzhi -- iBooker xinzhi -- 818e991fb6ffd2baf92163fe8503f97d.pdf,ziwei,ziwei,王亭之紫微斗数全集四 -- ixinzhi -- iBooker xinzhi -- 818e991fb6ffd2baf92163fe8503f97d.pdf,.pdf,818e991fb6ffd2baf92163fe8503f97d,王亭之紫微斗数全集四,ixinzhi,18724342
ziwei/紫微斗数全集_流年凶灾详析_pdf -- 王亭之 -- eb1dd24d092902d73698c8df823663ab.pdf,ziwei,ziwei,紫微斗数全集_流年凶灾详析_pdf -- 王亭之 -- eb1dd24d092902d73698c8df823663ab.pdf,.pdf,eb1dd24d092902d73698c8df823663ab,紫微斗数全集_流年凶灾详析_pdf,王亭之,5497099
"ziwei/紫微斗数讲义 _ 星曜性质 Zi wei dou shu jiang yi _ xing yao xing zhi -- 陆斌兆著 ; 王亭之注释; 陆斌兆; 谈锡永 -- 斗数玄空系列, 2013 -- 上海：复旦大学出版社 -- isbn13 9787309094718 -- b2f52930bc1b42ca9eb7e89a7.pdf",ziwei,ziwei,"紫微斗数讲义 _ 星曜性质 Zi wei dou shu jiang yi _ xing yao xing zhi -- 陆斌兆著 ; 王亭之注释; 陆斌兆; 谈锡永 -- 斗数玄空系列, 2013 -- 上海：复旦大学出版社 -- isbn13 9787309094718 -- b2f52930bc1b42ca9eb7e89a7.pdf",.pdf,,紫微斗数讲义 _ 星曜性质 Zi wei dou shu jiang yi _ xing yao xing zhi,陆斌兆著 ; 王亭之注释; 陆斌兆; 谈锡永,6442641
