wave,queue_order,system_id,rolle,status_pipeline,filename,relative_path,pass_k2_struct,pass_k3_rules,pass_k4_meanings,pass_notes
0,0,bazi,K2_ref,done_s5_s6,"BaZi - Bazi - The Destiny Code COMBINED Book 1 and Book 2 - -- Joey Yap -- 2nd Edition edition, February 1, 2005 -- Joey Yap Research Group -- isbn13 9789833332014 -- 58c78ecd41275b1fb96c60f0948ad25.pdf","bazi/K2+K3/BaZi - Bazi - The Destiny Code COMBINED Book 1 and Book 2 - -- Joey Yap -- 2nd Edition edition, February 1, 2005 -- Joey Yap Research Group -- isbn13 9789833332014 -- 58c78ecd41275b1fb96c60f0948ad25.pdf",yes,yes,optional,K2+K3 priorisieren; K4 optional.
0,0,genekeys,K3_deutung,done_s5_s6,Opening Doors with Gene Keys -- Richard Rudd -- 2014 -- 30c725f0604a1b346e69570741fcc7ae -- Anna’s Archive.pdf,gene_keys/Opening Doors with Gene Keys -- Richard Rudd -- 2014 -- 30c725f0604a1b346e69570741fcc7ae -- Anna’s Archive.pdf,yes,yes,yes,Alle Paesse.
0,0,genekeys,K3_deutung,done_s5_s6,"The 64 Ways_ Personal Contemplations on the Gene Keys -- Rudd, Richard -- 2022 -- Gene Keys Publishing -- 51a66a5b3b946c01b181b66551025f2c -- Anna’s Archive.epub","gene_keys/The 64 Ways_ Personal Contemplations on the Gene Keys -- Rudd, Richard -- 2022 -- Gene Keys Publishing -- 51a66a5b3b946c01b181b66551025f2c -- Anna’s Archive.epub",yes,yes,yes,Alle Paesse.
0,0,hd,K2_ref,done_s5_s6,The Complete Rave I'Ching -- Ra Uru Hu -- 2011 -- Human Design America -- 9daaa92ce652fb06739333271bf7f3fe -- Anna’s Archive.pdf,hd/The Complete Rave I'Ching -- Ra Uru Hu -- 2011 -- Human Design America -- 9daaa92ce652fb06739333271bf7f3fe -- Anna’s Archive.pdf,yes,yes,yes,Ra-Linie: drei Paesse.
0,0,hd,K2_ref,done_s5_s6,The Life Force - The Channels -- Ra Uru Hu -- 0709f47812468b7c9765dc7de254234a -- Anna’s Archive.pdf,hd/The Life Force - The Channels -- Ra Uru Hu -- 0709f47812468b7c9765dc7de254234a -- Anna’s Archive.pdf,yes,yes,yes,Ra-Linie: drei Paesse.
1,1,hd,K2_ref,queued,BG5 Career and Business Consulting - Student Manual 1 -- Ra Uru Hu -- International Human Design School -- 3b88c9681c859d6532d6ea06a3946e25 -- Anna’s Archive.pdf,hd/BG5 Career and Business Consulting - Student Manual 1 -- Ra Uru Hu -- International Human Design School -- 3b88c9681c859d6532d6ea06a3946e25 -- Anna’s Archive.pdf,yes,yes,yes,Ra-Linie: drei Paesse.
1,2,hd,K2_ref,queued,"Biology Design System -- Ra Uru Hu, Eleanor Haspel, Marvin Portner -- 2000 -- c9ac38146181060890f5690d4ab5f0cc -- Anna’s Archive.pdf","hd/Biology Design System -- Ra Uru Hu, Eleanor Haspel, Marvin Portner -- 2000 -- c9ac38146181060890f5690d4ab5f0cc -- Anna’s Archive.pdf",yes,yes,yes,Ra-Linie: drei Paesse.
1,3,hd,K2_ref,queued,"Channels by Type 2 - Manifesting and Generating Channels -- Ra Uru Hu -- Channels by Type 2, 2015 -- HDC Publishing, Inc_ -- isbn13 9780988932319 -- c82406a22498c8d94195c2e2f22c3dfc -- Anna’s Archive.pdf","hd/Channels by Type 2 - Manifesting and Generating Channels -- Ra Uru Hu -- Channels by Type 2, 2015 -- HDC Publishing, Inc_ -- isbn13 9780988932319 -- c82406a22498c8d94195c2e2f22c3dfc -- Anna’s Archive.pdf",yes,yes,yes,Ra-Linie: drei Paesse.
1,4,hd,K2_ref,queued,"Channels by Type 3 - Projected Channels -- Ra Uru Hu -- Channels by Type 3, 2015 -- HDC Publishing, Inc_ -- isbn13 9780988932319 -- 6cc16e4a7ebedfa4ccab548d2004cbf9 -- Anna’s Archive.pdf","hd/Channels by Type 3 - Projected Channels -- Ra Uru Hu -- Channels by Type 3, 2015 -- HDC Publishing, Inc_ -- isbn13 9780988932319 -- 6cc16e4a7ebedfa4ccab548d2004cbf9 -- Anna’s Archive.pdf",yes,yes,yes,Ra-Linie: drei Paesse.
1,5,hd,K2_ref,queued,"Channels by Type 4 - Understanding the Transit Program -- Ra Uru Hu -- Channels by Type 4, 2015 -- HDC Publishing, Inc_ -- isbn13 9780988932319 -- 65e4c037d1db12b49e49b567cb6b0a0e -- Anna’s Archive.pdf","hd/Channels by Type 4 - Understanding the Transit Program -- Ra Uru Hu -- Channels by Type 4, 2015 -- HDC Publishing, Inc_ -- isbn13 9780988932319 -- 65e4c037d1db12b49e49b567cb6b0a0e -- Anna’s Archive.pdf",yes,yes,yes,Ra-Linie: drei Paesse.
1,6,hd,K2_ref,queued,DREAMRAVE I_ Introduction to Personal Analysis -- Ra Uru Hu -- 2007 -- International Human Design School (IHDS) -- d0874985aa7b29ef71d408f0e6e0c8c5 -- Anna’s Archive.pdf,hd/DREAMRAVE I_ Introduction to Personal Analysis -- Ra Uru Hu -- 2007 -- International Human Design School (IHDS) -- d0874985aa7b29ef71d408f0e6e0c8c5 -- Anna’s Archive.pdf,yes,yes,yes,Ra-Linie: drei Paesse.
1,7,hd,K2_ref,queued,Design Concepts -- Ra Uru Hu -- 2006 -- be6b114f074dbfb1cab54ed5061f99b6 -- Anna’s Archive.pdf,hd/Design Concepts -- Ra Uru Hu -- 2006 -- be6b114f074dbfb1cab54ed5061f99b6 -- Anna’s Archive.pdf,yes,yes,yes,Ra-Linie: drei Paesse.
1,8,hd,K2_ref,queued,Design Resonance Mapping - The Way of the Flesh -- Ra Uru Hu -- 2009 -- International Human Design School (IHDS) -- d3c91994edc8c417c5d4430e5d82688a -- Anna’s Archive.pdf,hd/Design Resonance Mapping - The Way of the Flesh -- Ra Uru Hu -- 2009 -- International Human Design School (IHDS) -- d3c91994edc8c417c5d4430e5d82688a -- Anna’s Archive.pdf,yes,yes,yes,Ra-Linie: drei Paesse.
1,9,hd,K2_ref,queued,Die Prophezeiung des Ra Uru Hu (German Edition).pdf,hd/Die Prophezeiung des Ra Uru Hu (German Edition).pdf,yes,yes,yes,Ra-Linie: drei Paesse.
1,10,hd,K2_ref,queued,Dream Rave Introduction -- Ra Uru Hu -- 80fe85abac05fbb20f06b97c586a444a -- Anna’s Archive.pdf,hd/Dream Rave Introduction -- Ra Uru Hu -- 80fe85abac05fbb20f06b97c586a444a -- Anna’s Archive.pdf,yes,yes,yes,Ra-Linie: drei Paesse.
1,11,hd,K2_ref,queued,From the Left_ Strategic Cognition - Personal and -- Ra Uru Hu -- 2010 -- International Human Design School (IHDS) -- 7ae5243edbb37f378567a908ed2d2cd3 -- Anna’s Archive.pdf,hd/From the Left_ Strategic Cognition - Personal and -- Ra Uru Hu -- 2010 -- International Human Design School (IHDS) -- 7ae5243edbb37f378567a908ed2d2cd3 -- Anna’s Archive.pdf,yes,yes,yes,Ra-Linie: drei Paesse.
1,12,hd,K2_ref,queued,From the Right -- Ra Uru Hu -- Personal and Trans-Personal Analytical Training -- International Human Design School -- 699d2cbe70f0e0d6c3a1cd0bb3779426 -- Anna’s Archive.pdf,hd/From the Right -- Ra Uru Hu -- Personal and Trans-Personal Analytical Training -- International Human Design School -- 699d2cbe70f0e0d6c3a1cd0bb3779426 -- Anna’s Archive.pdf,yes,yes,yes,Ra-Linie: drei Paesse.
1,13,hd,K2_ref,queued,"Holistic Analysis 2 Diagnostics 2 -- Ra Uru Hu -- Personal and Trans-Personal Analytical Training, 2, 2010 -- International Human Design School (IHDS) -- b5a86d4382ccfbdf2e30cfbaf25e5791 -- Anna’s Archive.pdf","hd/Holistic Analysis 2 Diagnostics 2 -- Ra Uru Hu -- Personal and Trans-Personal Analytical Training, 2, 2010 -- International Human Design School (IHDS) -- b5a86d4382ccfbdf2e30cfbaf25e5791 -- Anna’s Archive.pdf",yes,yes,yes,Ra-Linie: drei Paesse.
1,14,hd,K2_ref,queued,How We Connect - eBook -- Ra Uru Hu -- 2024 -- Jovian Archive -- 7b05ec2c4f1a88eef4a6ae61f518a07e -- Anna’s Archive.pdf,hd/How We Connect - eBook -- Ra Uru Hu -- 2024 -- Jovian Archive -- 7b05ec2c4f1a88eef4a6ae61f518a07e -- Anna’s Archive.pdf,yes,yes,yes,Ra-Linie: drei Paesse.
1,15,hd,K2_ref,queued,Human Design - Life Cycles Analysis -- Ra Uru Hu -- 4f0b1309c8e42c5a0580b32b7e3be3e4 -- Anna’s Archive.pdf,hd/Human Design - Life Cycles Analysis -- Ra Uru Hu -- 4f0b1309c8e42c5a0580b32b7e3be3e4 -- Anna’s Archive.pdf,yes,yes,yes,Ra-Linie: drei Paesse.
1,16,hd,K2_ref,queued,Human design - You and the Shadow -- Ra Uru Hu -- 2020 -- 9aa3952794bf5b4a60bd4d36d4388f7f -- Anna’s Archive.pdf,hd/Human design - You and the Shadow -- Ra Uru Hu -- 2020 -- 9aa3952794bf5b4a60bd4d36d4388f7f -- Anna’s Archive.pdf,yes,yes,yes,Ra-Linie: drei Paesse.
1,17,hd,K2_ref,queued,Incarnation Crosses by Profile (Complete) -- Ra Uru Hu -- 2012 -- International Human Design School -- 9ce108ffd13761f1e7b7c7dfc4683b07 -- Anna’s Archive.pdf,hd/Incarnation Crosses by Profile (Complete) -- Ra Uru Hu -- 2012 -- International Human Design School -- 9ce108ffd13761f1e7b7c7dfc4683b07 -- Anna’s Archive.pdf,yes,yes,yes,Ra-Linie: drei Paesse.
1,18,hd,K2_ref,queued,Lunar & Planetary Color -- Ra Uru Hu -- 2010 -- International Human Design School (IHDS) -- 072b03134dbf14640a29f357b4b552e0 -- Anna’s Archive.pdf,hd/Lunar & Planetary Color -- Ra Uru Hu -- 2010 -- International Human Design School (IHDS) -- 072b03134dbf14640a29f357b4b552e0 -- Anna’s Archive.pdf,yes,yes,yes,Ra-Linie: drei Paesse.
1,19,hd,K2_ref,queued,Lunar & Planetary Color Analysis -- Ra Uru Hu -- 2008 -- International Human Design School (IHDS) -- b38abe08f4f0049d694fde31cee6c7b8 -- Anna’s Archive.pdf,hd/Lunar & Planetary Color Analysis -- Ra Uru Hu -- 2008 -- International Human Design School (IHDS) -- b38abe08f4f0049d694fde31cee6c7b8 -- Anna’s Archive.pdf,yes,yes,yes,Ra-Linie: drei Paesse.
1,20,hd,K2_ref,queued,Manifestor Manifesto -- Ra Uru Hu -- 2010 -- International Human Design School (IHDS) -- 2dc92019152fa02d0c5a41881fe71baf -- Anna’s Archive.pdf,hd/Manifestor Manifesto -- Ra Uru Hu -- 2010 -- International Human Design School (IHDS) -- 2dc92019152fa02d0c5a41881fe71baf -- Anna’s Archive.pdf,yes,yes,yes,Ra-Linie: drei Paesse.
1,21,hd,K2_ref,queued,Never Mind Final -- RA URU HU -- 8ab7f55c3f4d1c28c35f5322e1c450c1 -- Anna’s Archive.pdf,hd/Never Mind Final -- RA URU HU -- 8ab7f55c3f4d1c28c35f5322e1c450c1 -- Anna’s Archive.pdf,yes,yes,yes,Ra-Linie: drei Paesse.
1,22,hd,K2_ref,queued,"PRIMARY HEALTH SYSTEM - Determination & Healing (Year 1, Sem 2 -- Ra Uru Hu -- PHS Practitioner Program, 2006 -- 8454b6e1de0d50be5382b728c2536498.pdf","hd/PRIMARY HEALTH SYSTEM - Determination & Healing (Year 1, Sem 2 -- Ra Uru Hu -- PHS Practitioner Program, 2006 -- 8454b6e1de0d50be5382b728c2536498.pdf",yes,yes,yes,Ra-Linie: drei Paesse.
1,23,hd,K2_ref,queued,"PRIMARY HEALTH SYSTEM - Determination and Healing (Year 1, Sem 3 -- Ra Uru Hu -- PHS Analyst Certification Program, 2008 -- a8920ee4ff8589ccefe7447a83745005.pdf","hd/PRIMARY HEALTH SYSTEM - Determination and Healing (Year 1, Sem 3 -- Ra Uru Hu -- PHS Analyst Certification Program, 2008 -- a8920ee4ff8589ccefe7447a83745005.pdf",yes,yes,yes,Ra-Linie: drei Paesse.
1,24,hd,K2_ref,queued,"PRIMARY HEALTH SYSTEM - The Mechanics of the Vehicle (Year 1, Sem 1 -- Ra Uru Hu -- PHS Analyst Certification Program, 2006 -- 00f3848700fdc92aa6cb3cb0f9cdfa28.pdf","hd/PRIMARY HEALTH SYSTEM - The Mechanics of the Vehicle (Year 1, Sem 1 -- Ra Uru Hu -- PHS Analyst Certification Program, 2006 -- 00f3848700fdc92aa6cb3cb0f9cdfa28.pdf",yes,yes,yes,Ra-Linie: drei Paesse.
1,25,hd,K2_ref,queued,Partnership Analysis -- Ra Uru Hu -- International Human Design School -- 0cbcf9ee172cd2944a97a6ee41f80fee -- Anna’s Archive.pdf,hd/Partnership Analysis -- Ra Uru Hu -- International Human Design School -- 0cbcf9ee172cd2944a97a6ee41f80fee -- Anna’s Archive.pdf,yes,yes,yes,Ra-Linie: drei Paesse.
1,26,hd,K2_ref,queued,Personality Resonance Mapping - The Way of the Mind -- Ra Uru Hu -- 2008 -- International Human Design School (IHDS) -- 920f0d94c1ad3ce3c01210b48e8e368d -- Anna’s Archive.pdf,hd/Personality Resonance Mapping - The Way of the Mind -- Ra Uru Hu -- 2008 -- International Human Design School (IHDS) -- 920f0d94c1ad3ce3c01210b48e8e368d -- Anna’s Archive.pdf,yes,yes,yes,Ra-Linie: drei Paesse.
1,27,hd,K2_ref,queued,Post-Graduate Rave Psychology -- Ra Uru Hu -- 2010 -- International Human Design School (IHDS) -- d936287b07b5c89c3a0a9666a0e9aec8 -- Anna’s Archive.pdf,hd/Post-Graduate Rave Psychology -- Ra Uru Hu -- 2010 -- International Human Design School (IHDS) -- d936287b07b5c89c3a0a9666a0e9aec8 -- Anna’s Archive.pdf,yes,yes,yes,Ra-Linie: drei Paesse.
1,28,hd,K2_ref,queued,Projector Empowerment - Part 1_ Lectures -- Ra Uru Hu -- Projector Empowerment - Part 1 -- Jovian Archive -- 8e2f39b9ed00432370c0a9a301c42192 -- Anna’s Archive.pdf,hd/Projector Empowerment - Part 1_ Lectures -- Ra Uru Hu -- Projector Empowerment - Part 1 -- Jovian Archive -- 8e2f39b9ed00432370c0a9a301c42192 -- Anna’s Archive.pdf,yes,yes,yes,Ra-Linie: drei Paesse.
1,29,hd,K2_ref,queued,Quarters and Angles -- Ra Uru Hu -- International Human Design School -- bb1ced1468705ddbd18f7b7817702c0b -- Anna’s Archive.pdf,hd/Quarters and Angles -- Ra Uru Hu -- International Human Design School -- bb1ced1468705ddbd18f7b7817702c0b -- Anna’s Archive.pdf,yes,yes,yes,Ra-Linie: drei Paesse.
1,30,hd,K2_ref,queued,Radical Transformations - The Four Lectures -- Ra Uru Hu -- 2010 -- International Human Design School (IHDS) -- 5bc25cd499d24503c478db7302fd2aae -- Anna’s Archive.pdf,hd/Radical Transformations - The Four Lectures -- Ra Uru Hu -- 2010 -- International Human Design School (IHDS) -- 5bc25cd499d24503c478db7302fd2aae -- Anna’s Archive.pdf,yes,yes,yes,Ra-Linie: drei Paesse.
1,31,hd,K2_ref,queued,"Rave Anatomy I - Mapping the Mechanics of the Maia -- Ra Uru Hu -- Rave Anatomy, 2012 -- International Human Design School -- 096c16f8c017f28e496da10466fd8b47 -- Anna’s Archive.pdf","hd/Rave Anatomy I - Mapping the Mechanics of the Maia -- Ra Uru Hu -- Rave Anatomy, 2012 -- International Human Design School -- 096c16f8c017f28e496da10466fd8b47 -- Anna’s Archive.pdf",yes,yes,yes,Ra-Linie: drei Paesse.
1,32,hd,K2_ref,queued,"Rave Anatomy II - The Awareness Lectures -- Ra Uru Hu -- Rave Anatomy, 2012 -- International Human Design School -- fc741e103b06d255fe5ffaf80a42ecea -- Anna’s Archive.pdf","hd/Rave Anatomy II - The Awareness Lectures -- Ra Uru Hu -- Rave Anatomy, 2012 -- International Human Design School -- fc741e103b06d255fe5ffaf80a42ecea -- Anna’s Archive.pdf",yes,yes,yes,Ra-Linie: drei Paesse.
1,33,hd,K2_ref,queued,Rave BodyGraph Circuitry -- Ra Uru Hu -- 2012 -- 729f3b4516a4b6caca7cb0b0205432e7 -- Anna’s Archive.pdf,hd/Rave BodyGraph Circuitry -- Ra Uru Hu -- 2012 -- 729f3b4516a4b6caca7cb0b0205432e7 -- Anna’s Archive.pdf,yes,yes,yes,Ra-Linie: drei Paesse.
1,34,hd,K2_ref,queued,Rave Cosmology III_ Dying Death and the Bardo Stages -- Ra Uru Hu -- 47f60cd1ca56644008c3cf38d1e9d0a1 -- Anna’s Archive.pdf,hd/Rave Cosmology III_ Dying Death and the Bardo Stages -- Ra Uru Hu -- 47f60cd1ca56644008c3cf38d1e9d0a1 -- Anna’s Archive.pdf,yes,yes,yes,Ra-Linie: drei Paesse.
1,35,hd,K2_ref,queued,Rave Cosmology II_ The six mystical ways -- Ra Uru Hu -- 977fa1f53f6aaf90df5be6afc09c3807 -- Anna’s Archive.pdf,hd/Rave Cosmology II_ The six mystical ways -- Ra Uru Hu -- 977fa1f53f6aaf90df5be6afc09c3807 -- Anna’s Archive.pdf,yes,yes,yes,Ra-Linie: drei Paesse.
1,36,hd,K2_ref,queued,Rave Cosmology I_ Bhan Tugh -- Ra Uru Hu -- c2d7ffbe32eb56f548305eadd9b23711 -- Anna’s Archive.pdf,hd/Rave Cosmology I_ Bhan Tugh -- Ra Uru Hu -- c2d7ffbe32eb56f548305eadd9b23711 -- Anna’s Archive.pdf,yes,yes,yes,Ra-Linie: drei Paesse.
1,37,hd,K2_ref,queued,Rave Cosmology VIII Mystic Monologues -- Ra Uru Hu -- fe799c279b2cc636dfabc384215c309e -- Anna’s Archive.pdf,hd/Rave Cosmology VIII Mystic Monologues -- Ra Uru Hu -- fe799c279b2cc636dfabc384215c309e -- Anna’s Archive.pdf,yes,yes,yes,Ra-Linie: drei Paesse.
1,38,hd,K2_ref,queued,Rave Psychology - Personality External color book (Black -- Ra Uru Hu -- 2008 -- International Human Design School (IHDS) -- cc6cfc6f9f1415d7223a6a3aa26eda49 -- Anna’s Archive.pdf,hd/Rave Psychology - Personality External color book (Black -- Ra Uru Hu -- 2008 -- International Human Design School (IHDS) -- cc6cfc6f9f1415d7223a6a3aa26eda49 -- Anna’s Archive.pdf,yes,yes,yes,Ra-Linie: drei Paesse.
1,39,hd,K2_ref,queued,Rave Psychology - Personality External color book (White -- Ra Uru Hu -- International Human Design School (IHDS) -- 0e057eb7191fd94fc132c85cb6eb170b -- Anna’s Archive.pdf,hd/Rave Psychology - Personality External color book (White -- Ra Uru Hu -- International Human Design School (IHDS) -- 0e057eb7191fd94fc132c85cb6eb170b -- Anna’s Archive.pdf,yes,yes,yes,Ra-Linie: drei Paesse.
1,40,hd,K2_ref,queued,Scenes From The Cross Of Life_ The Nodal Environments(Human -- Ra Uru Hu -- 2005 -- 63dd10d18975b7ccd26e6647c2dd8491 -- Anna’s Archive.pdf,hd/Scenes From The Cross Of Life_ The Nodal Environments(Human -- Ra Uru Hu -- 2005 -- 63dd10d18975b7ccd26e6647c2dd8491 -- Anna’s Archive.pdf,yes,yes,yes,Ra-Linie: drei Paesse.
1,41,hd,K2_ref,queued,The 36 Roles - Genetic Continuity and Mastery of Lines -- Ra Uru Hu -- 2010 -- 8ef5416367bdef874b16bc5d1c676e7e -- Anna’s Archive.pdf,hd/The 36 Roles - Genetic Continuity and Mastery of Lines -- Ra Uru Hu -- 2010 -- 8ef5416367bdef874b16bc5d1c676e7e -- Anna’s Archive.pdf,yes,yes,yes,Ra-Linie: drei Paesse.
1,42,hd,K2_ref,queued,The Black Book -- Ra Uru Hu -- International Human Design School -- 891d99a7ae3999bd54ad16acc8d30cb7 -- Anna’s Archive.pdf,hd/The Black Book -- Ra Uru Hu -- International Human Design School -- 891d99a7ae3999bd54ad16acc8d30cb7 -- Anna’s Archive.pdf,yes,yes,yes,Ra-Linie: drei Paesse.
1,43,hd,K2_ref,queued,The Four Views -- Ra Uru Hu -- 2007 -- Jovian Archive Corporation -- b7345d74e5d85ab9fc4a7f3ed48f8f70 -- Anna’s Archive.pdf,hd/The Four Views -- Ra Uru Hu -- 2007 -- Jovian Archive Corporation -- b7345d74e5d85ab9fc4a7f3ed48f8f70 -- Anna’s Archive.pdf,yes,yes,yes,Ra-Linie: drei Paesse.
1,44,hd,K2_ref,queued,The Human Design System - A Complete Guide -- Ra Uru Hu -- 2012 -- International Human Design School (IHDS) -- 0ab49372f4a7e53fa8234071d2936aab -- Anna’s Archive.pdf,hd/The Human Design System - A Complete Guide -- Ra Uru Hu -- 2012 -- International Human Design School (IHDS) -- 0ab49372f4a7e53fa8234071d2936aab -- Anna’s Archive.pdf,yes,yes,yes,Ra-Linie: drei Paesse.
1,45,hd,K2_ref,queued,The Human Design System - Sex Manual -- Ra Uru Hu -- 1996 -- 4688baa6786530ab2b9f155594a5f359 -- Anna’s Archive.pdf,hd/The Human Design System - Sex Manual -- Ra Uru Hu -- 1996 -- 4688baa6786530ab2b9f155594a5f359 -- Anna’s Archive.pdf,yes,yes,yes,Ra-Linie: drei Paesse.
1,46,hd,K2_ref,queued,The Incarnation Cross Clinic _ Lectures Day 1 _ Part 1 and 2 -- Ra Uru Hu -- 2022 -- Jovian Archive -- 5c5682e5f4a150394df3073c10571fc9 -- Anna’s Archive.pdf,hd/The Incarnation Cross Clinic _ Lectures Day 1 _ Part 1 and 2 -- Ra Uru Hu -- 2022 -- Jovian Archive -- 5c5682e5f4a150394df3073c10571fc9 -- Anna’s Archive.pdf,yes,yes,yes,Ra-Linie: drei Paesse.
1,47,hd,K2_ref,queued,The Not-Self 人類設計) -- Ra Uru Hu -- 2008 -- d85fb70864f5afff46cb0dd7165f5e71 -- Anna’s Archive.pdf,hd/The Not-Self 人類設計) -- Ra Uru Hu -- 2008 -- d85fb70864f5afff46cb0dd7165f5e71 -- Anna’s Archive.pdf,yes,yes,yes,Ra-Linie: drei Paesse.
1,48,hd,K2_ref,queued,The Six Lines - The Decoding of the Hexagramm -- Ra Uru Hu -- 2008 -- International Human Design School (IHDS) -- 7cfa3b4fc6f59258346abb4c1771bad5 -- Anna’s Archive.pdf,hd/The Six Lines - The Decoding of the Hexagramm -- Ra Uru Hu -- 2008 -- International Human Design School (IHDS) -- 7cfa3b4fc6f59258346abb4c1771bad5 -- Anna’s Archive.pdf,yes,yes,yes,Ra-Linie: drei Paesse.
1,49,hd,K2_ref,queued,Understanding the Planets in our Design - A COURSE IN -- Ra Uru Hu; Richard Rudd -- 2003 -- 0f6000a382df606300cf32dada9889a1 -- Anna’s Archive.pdf,hd/Understanding the Planets in our Design - A COURSE IN -- Ra Uru Hu; Richard Rudd -- 2003 -- 0f6000a382df606300cf32dada9889a1 -- Anna’s Archive.pdf,yes,yes,yes,Ra-Linie: drei Paesse.
1,50,hd,K2_ref,queued,from The Book of Letters - A Guide to Human Design Analysis -- Ra Uru Hu -- 1995 -- New Sun Services International -- isbn13 9785057582907 -- d9ba2013e68730383471e4ad6be09790 -- Anna’s Archive.pdf,hd/from The Book of Letters - A Guide to Human Design Analysis -- Ra Uru Hu -- 1995 -- New Sun Services International -- isbn13 9785057582907 -- d9ba2013e68730383471e4ad6be09790 -- Anna’s Archive.pdf,yes,yes,yes,Ra-Linie: drei Paesse.
1,51,hd,K2_ref,queued,"Understanding Your Clients through Human Design_ The -- Robin Winn -- Washington, DC, 2020 -- Difference Press -- isbn13 9781683092742 -- b4ac5db984c548915998fd96f39f8e27 -- Anna’s Archive.pdf","other_hd/Understanding Your Clients through Human Design_ The -- Robin Winn -- Washington, DC, 2020 -- Difference Press -- isbn13 9781683092742 -- b4ac5db984c548915998fd96f39f8e27 -- Anna’s Archive.pdf",optional,yes,yes,Nicht-Ra: K3/K4 priorisieren.
1,52,hd,K2_ref,queued,Understanding the Centers in Human Design_ The Facilitator's -- Robin Winn -- 2021 -- Difference Press -- a6cfe81a6b3b46e91737d7a7580d7179 -- Anna’s Archive.pdf,other_hd/Understanding the Centers in Human Design_ The Facilitator's -- Robin Winn -- 2021 -- Difference Press -- a6cfe81a6b3b46e91737d7a7580d7179 -- Anna’s Archive.pdf,optional,yes,yes,Nicht-Ra: K3/K4 priorisieren.
1,53,hd,K2_ref,queued,"Understanding the profiles in human design 3 3 -- Robin Winn MFT -- 3, 2022 -- Independently Published -- isbn13 9788443150797 -- b55f87117500f0f1992c87a3b6f9517e -- Anna’s Archive.pdf","other_hd/Understanding the profiles in human design 3 3 -- Robin Winn MFT -- 3, 2022 -- Independently Published -- isbn13 9788443150797 -- b55f87117500f0f1992c87a3b6f9517e -- Anna’s Archive.pdf",optional,yes,yes,Nicht-Ra: K3/K4 priorisieren.
1,54,bazi,K2_ref,queued,"BaZi Essentials - The Ten Day Masters - Bing (Yang Fire) -- Joey Yap -- BaZi Essentials, 1st, 2009 -- JY Books Sdn_ Bhd_ -- cd8672ce46620ffec72b2d895b71c3e2 -- Anna’s Archive.pdf","bazi/BaZi Essentials - The Ten Day Masters - Bing (Yang Fire) -- Joey Yap -- BaZi Essentials, 1st, 2009 -- JY Books Sdn_ Bhd_ -- cd8672ce46620ffec72b2d895b71c3e2 -- Anna’s Archive.pdf",yes,yes,optional,K2+K3 priorisieren; K4 optional.
1,55,bazi,K2_ref,queued,"BaZi Essentials - The Ten Day Masters - Ding (Yin Fire) -- Joey Yap -- BaZi Essentials, 1st, 2009 -- JY Books Sdn_ Bhd_ -- a6d88b587a70d968b2ce3fa05ffa1366 -- Anna’s Archive.pdf","bazi/BaZi Essentials - The Ten Day Masters - Ding (Yin Fire) -- Joey Yap -- BaZi Essentials, 1st, 2009 -- JY Books Sdn_ Bhd_ -- a6d88b587a70d968b2ce3fa05ffa1366 -- Anna’s Archive.pdf",yes,yes,optional,K2+K3 priorisieren; K4 optional.
1,56,bazi,K2_ref,queued,"BaZi Essentials - The Ten Day Masters - Geng (Yang Metal) -- Joey Yap -- BaZi Essentials, 1st, 2009 -- JY Books Sdn_ Bhd_ -- 81970458e683c785171eb93326a97dfc -- Anna’s Archive.pdf","bazi/BaZi Essentials - The Ten Day Masters - Geng (Yang Metal) -- Joey Yap -- BaZi Essentials, 1st, 2009 -- JY Books Sdn_ Bhd_ -- 81970458e683c785171eb93326a97dfc -- Anna’s Archive.pdf",yes,yes,optional,K2+K3 priorisieren; K4 optional.
1,57,bazi,K2_ref,queued,"BaZi Essentials - The Ten Day Masters - Gui (Yin Water) -- Joey Yap -- BaZi Essentials, 1st, 2009 -- JY Books Sdn_ Bhd_ -- 5cbd41ee8e2661a8153e57391d46c965 -- Anna’s Archive.pdf","bazi/BaZi Essentials - The Ten Day Masters - Gui (Yin Water) -- Joey Yap -- BaZi Essentials, 1st, 2009 -- JY Books Sdn_ Bhd_ -- 5cbd41ee8e2661a8153e57391d46c965 -- Anna’s Archive.pdf",yes,yes,optional,K2+K3 priorisieren; K4 optional.
1,58,bazi,K2_ref,queued,"BaZi Essentials - The Ten Day Masters - Jia (Yang Wood) -- Joey Yap -- BaZi Essentials, 1st, 2009 -- JY Books Sdn_ Bhd_ -- 8f69811f6726c574f8c23aa2554fe02f -- Anna’s Archive.pdf","bazi/BaZi Essentials - The Ten Day Masters - Jia (Yang Wood) -- Joey Yap -- BaZi Essentials, 1st, 2009 -- JY Books Sdn_ Bhd_ -- 8f69811f6726c574f8c23aa2554fe02f -- Anna’s Archive.pdf",yes,yes,optional,K2+K3 priorisieren; K4 optional.
1,59,bazi,K2_ref,queued,"BaZi Essentials - The Ten Day Masters - Ren (Yang Water) -- Joey Yap -- BaZi Essentials, 1st, 2009 -- JY Books Sdn_ Bhd_ -- 69c75b12470323cee72c093dd180126d -- Anna’s Archive.pdf","bazi/BaZi Essentials - The Ten Day Masters - Ren (Yang Water) -- Joey Yap -- BaZi Essentials, 1st, 2009 -- JY Books Sdn_ Bhd_ -- 69c75b12470323cee72c093dd180126d -- Anna’s Archive.pdf",yes,yes,optional,K2+K3 priorisieren; K4 optional.
1,60,bazi,K2_ref,queued,"BaZi Essentials - The Ten Day Masters - Wu (Yang Earth) -- Joey Yap -- BaZi Essentials, 1st, 2009 -- JY Books Sdn_ Bhd_ -- c85f43ea9d3faa91186aadda9a63b9df -- Anna’s Archive.pdf","bazi/BaZi Essentials - The Ten Day Masters - Wu (Yang Earth) -- Joey Yap -- BaZi Essentials, 1st, 2009 -- JY Books Sdn_ Bhd_ -- c85f43ea9d3faa91186aadda9a63b9df -- Anna’s Archive.pdf",yes,yes,optional,K2+K3 priorisieren; K4 optional.
1,61,bazi,K2_ref,queued,"BaZi Essentials - The Ten Day Masters - Xin (Yin Metal) -- Joey Yap -- BaZi Essentials, 1st, 2009 -- JY Books Sdn_ Bhd_ -- 5203332f3bd42d574cda0aab4b7289b6 -- Anna’s Archive.pdf","bazi/BaZi Essentials - The Ten Day Masters - Xin (Yin Metal) -- Joey Yap -- BaZi Essentials, 1st, 2009 -- JY Books Sdn_ Bhd_ -- 5203332f3bd42d574cda0aab4b7289b6 -- Anna’s Archive.pdf",yes,yes,optional,K2+K3 priorisieren; K4 optional.
1,62,bazi,K2_ref,queued,"BaZi Essentials - The Ten Day Masters - Yi (Yin Wood) -- Joey Yap -- BaZi Essentials, 1st, 2009 -- JY Books Sdn_ Bhd_ -- b43ef9cba617e134725ea779be855b77 -- Anna’s Archive.pdf","bazi/BaZi Essentials - The Ten Day Masters - Yi (Yin Wood) -- Joey Yap -- BaZi Essentials, 1st, 2009 -- JY Books Sdn_ Bhd_ -- b43ef9cba617e134725ea779be855b77 -- Anna’s Archive.pdf",yes,yes,optional,K2+K3 priorisieren; K4 optional.
1,63,bazi,K2_ref,queued,"Bazi Essentials - The Ten Day Masters - Ji (Yin Earth) -- Joey Yap -- BaZi Essentials, 1st, 2009 -- JY Books Sdn_ Bhd_ -- 01fd08ad3c8ae571bc864be8078e9020 -- Anna’s Archive.pdf","bazi/Bazi Essentials - The Ten Day Masters - Ji (Yin Earth) -- Joey Yap -- BaZi Essentials, 1st, 2009 -- JY Books Sdn_ Bhd_ -- 01fd08ad3c8ae571bc864be8078e9020 -- Anna’s Archive.pdf",yes,yes,optional,K2+K3 priorisieren; K4 optional.
1,64,bazi,K2_ref,queued,三命通会 上 -- (明)万明英撰;陈明释 -- 2008 -- 北京_中医古籍出版社 -- isbn13 9787801746634 -- 5793f92af01976a8bd9a6c85a6a3e0e2.pdf,bazi/K2+K3/三命通会 上 -- (明)万明英撰;陈明释 -- 2008 -- 北京_中医古籍出版社 -- isbn13 9787801746634 -- 5793f92af01976a8bd9a6c85a6a3e0e2.pdf,yes,yes,optional,K2+K3 priorisieren; K4 optional.
1,65,bazi,K2_ref,queued,三命通会 下 -- （明）万明英撰；陈明释 -- 2008 -- 北京_中医古籍出版社 -- isbn13 9787801746634 -- 2d19933bc416e28fc2e073f91ee6035b.pdf,bazi/K2+K3/三命通会 下 -- （明）万明英撰；陈明释 -- 2008 -- 北京_中医古籍出版社 -- isbn13 9787801746634 -- 2d19933bc416e28fc2e073f91ee6035b.pdf,yes,yes,optional,K2+K3 priorisieren; K4 optional.
1,66,bazi,K2_ref,queued,"四库存目子平汇刊 1 渊海子平大全 -- 郑同编撰整理, (宋)徐子平撰 , 郑同编, 徐子平, 郑同, [ Song ] Xu Zi Ping, 徐子平, -- 2014, 2014 -- 北京_华龄出版社 -- isbn13 9787516904473 -- 0b74d33ad404cb5051f7ac4a2323f9.pdf","bazi/K2+K3/四库存目子平汇刊 1 渊海子平大全 -- 郑同编撰整理, (宋)徐子平撰 , 郑同编, 徐子平, 郑同, [ Song ] Xu Zi Ping, 徐子平, -- 2014, 2014 -- 北京_华龄出版社 -- isbn13 9787516904473 -- 0b74d33ad404cb5051f7ac4a2323f9.pdf",yes,yes,optional,K2+K3 priorisieren; K4 optional.
1,67,bazi,K2_ref,queued,The BaZi 60 Pillars Life Analysis Method - Wu Earth -- Joey Yap -- 2013 -- e1171a1bc63eac9bf5ac9a462fdb861d -- Anna’s Archive.pdf,bazi/The BaZi 60 Pillars Life Analysis Method - Wu Earth -- Joey Yap -- 2013 -- e1171a1bc63eac9bf5ac9a462fdb861d -- Anna’s Archive.pdf,yes,yes,optional,K2+K3 priorisieren; K4 optional.
1,68,bazi,K2_ref,queued,The Bazi 60 Pillars - BING Fire -- Joey Yap -- 2018 -- JY Productions Sdn Bhd -- b3d035c1aa6a6d7b803bae802739dd97 -- Anna’s Archive.azw3,bazi/The Bazi 60 Pillars - BING Fire -- Joey Yap -- 2018 -- JY Productions Sdn Bhd -- b3d035c1aa6a6d7b803bae802739dd97 -- Anna’s Archive.azw3,yes,yes,optional,K2+K3 priorisieren; K4 optional.
1,69,bazi,K2_ref,queued,The Bazi 60 Pillars - Ding_ The Life Analysis Method -- Joey Yap -- 2016 -- JY Productions Sdn Bhd -- b73f785a07189ec8644bd7e9ec86c602 -- Anna’s Archive.pdf,bazi/The Bazi 60 Pillars - Ding_ The Life Analysis Method -- Joey Yap -- 2016 -- JY Productions Sdn Bhd -- b73f785a07189ec8644bd7e9ec86c602 -- Anna’s Archive.pdf,yes,yes,optional,K2+K3 priorisieren; K4 optional.
1,70,bazi,K2_ref,queued,"The Bazi 60 Pillars - JI Earth -- Yap, Joey -- 2018 -- Joey Yap Research Group -- 17f3eed7ae47327b3c44b3361a5f6f33 -- Anna’s Archive(1).epub","bazi/The Bazi 60 Pillars - JI Earth -- Yap, Joey -- 2018 -- Joey Yap Research Group -- 17f3eed7ae47327b3c44b3361a5f6f33 -- Anna’s Archive(1).epub",yes,yes,optional,K2+K3 priorisieren; K4 optional.
1,71,bazi,K2_ref,queued,"The Bazi 60 Pillars - JI Earth -- Yap, Joey -- 2018 -- Joey Yap Research Group -- 17f3eed7ae47327b3c44b3361a5f6f33 -- Anna’s Archive.epub","bazi/The Bazi 60 Pillars - JI Earth -- Yap, Joey -- 2018 -- Joey Yap Research Group -- 17f3eed7ae47327b3c44b3361a5f6f33 -- Anna’s Archive.epub",yes,yes,optional,K2+K3 priorisieren; K4 optional.
1,72,bazi,K2_ref,queued,The Bazi 60 Pillars - JIA Wood_ The Life Analysis Method -- Joey Yap -- 2018 -- JY Productions Sdn Bhd -- 866fc99a984ae8c0d098670b0f3b11ff -- Anna’s Archive.azw3,bazi/The Bazi 60 Pillars - JIA Wood_ The Life Analysis Method -- Joey Yap -- 2018 -- JY Productions Sdn Bhd -- 866fc99a984ae8c0d098670b0f3b11ff -- Anna’s Archive.azw3,yes,yes,optional,K2+K3 priorisieren; K4 optional.
1,73,bazi,K2_ref,queued,The Bazi 60 Pillars - REN Water -- Joey Yap -- 2018 -- Joey Yap Research Group -- da050c3cad2161c3f2140321ac1ee43d -- Anna’s Archive.pdf,bazi/The Bazi 60 Pillars - REN Water -- Joey Yap -- 2018 -- Joey Yap Research Group -- da050c3cad2161c3f2140321ac1ee43d -- Anna’s Archive.pdf,yes,yes,optional,K2+K3 priorisieren; K4 optional.
1,74,bazi,K2_ref,queued,The Bazi 60 Pillars - Yi_ The Life Analysis Method Revealed -- Joey Yap -- 2016 -- JY Productions Sdn Bhd -- 5f493a40c5e31ccf785661d1d4704899 -- Anna’s Archive.pdf,bazi/The Bazi 60 Pillars - Yi_ The Life Analysis Method Revealed -- Joey Yap -- 2016 -- JY Productions Sdn Bhd -- 5f493a40c5e31ccf785661d1d4704899 -- Anna’s Archive.pdf,yes,yes,optional,K2+K3 priorisieren; K4 optional.
1,75,bazi,K2_ref,queued,"The Bazi 60 Pillars Life Analysis Method_ Zin Metal -- Joey Yap -- 1, 2013 -- JY Books; JY Productions Sdn Bhd -- isbn13 9789670310817 -- 834984fb3f3ba64f1a2157221d9d2ed0 -- Anna’s Archive.pdf","bazi/The Bazi 60 Pillars Life Analysis Method_ Zin Metal -- Joey Yap -- 1, 2013 -- JY Books; JY Productions Sdn Bhd -- isbn13 9789670310817 -- 834984fb3f3ba64f1a2157221d9d2ed0 -- Anna’s Archive.pdf",yes,yes,optional,K2+K3 priorisieren; K4 optional.
1,76,bazi,K2_ref,queued,三命通会 上 -- (明)万明英撰;陈明释 -- 2008 -- 北京_中医古籍出版社 -- isbn13 9787801746634 -- 5793f92af01976a8bd9a6c85a6a3e0e2 -- Anna’s Archive.pdf,bazi/三命通会 上 -- (明)万明英撰;陈明释 -- 2008 -- 北京_中医古籍出版社 -- isbn13 9787801746634 -- 5793f92af01976a8bd9a6c85a6a3e0e2 -- Anna’s Archive.pdf,yes,yes,optional,K2+K3 priorisieren; K4 optional.
1,77,bazi,K2_ref,queued,三命通会 下 -- （明）万明英撰；陈明释 -- 2008 -- 北京_中医古籍出版社 -- isbn13 9787801746634 -- 2d19933bc416e28fc2e073f91ee6035b -- Anna’s Archive.pdf,bazi/三命通会 下 -- （明）万明英撰；陈明释 -- 2008 -- 北京_中医古籍出版社 -- isbn13 9787801746634 -- 2d19933bc416e28fc2e073f91ee6035b -- Anna’s Archive.pdf,yes,yes,optional,K2+K3 priorisieren; K4 optional.
1,78,bazi,K2_ref,queued,"四库存目 子平汇刊 5 穷通宝鉴评注 -- (清)徐乐吾注 -- 四库存目子平汇刊, 2015 -- 北京：华龄出版社 -- isbn13 9787516905128 -- 4f8bd8e25832d5ca180123fc079d9b88 -- Anna’s Archive.pdf","bazi/四库存目 子平汇刊 5 穷通宝鉴评注 -- (清)徐乐吾注 -- 四库存目子平汇刊, 2015 -- 北京：华龄出版社 -- isbn13 9787516905128 -- 4f8bd8e25832d5ca180123fc079d9b88 -- Anna’s Archive.pdf",yes,yes,optional,K2+K3 priorisieren; K4 optional.
1,79,bazi,K2_ref,queued,"四库存目子平汇刊 1 渊海子平大全 -- 郑同编撰整理, (宋)徐子平撰 , 郑同编, 徐子平, 郑同, [ Song ] Xu Zi Ping, 徐子平, -- 2014, 2014 -- 北京_华龄出版社 -- isbn13 9787516904473 -- 0b74d33ad404cb5051f7ac4a2323f9.pdf","bazi/四库存目子平汇刊 1 渊海子平大全 -- 郑同编撰整理, (宋)徐子平撰 , 郑同编, 徐子平, 郑同, [ Song ] Xu Zi Ping, 徐子平, -- 2014, 2014 -- 北京_华龄出版社 -- isbn13 9787516904473 -- 0b74d33ad404cb5051f7ac4a2323f9.pdf",yes,yes,optional,K2+K3 priorisieren; K4 optional.
1,80,ziwei,K2_ref,queued,680王亭之-中州派紫微斗数初级讲义_pdf -- c608a5149cf11573b59c9552507b40a1.pdf,ziwei/680王亭之-中州派紫微斗数初级讲义_pdf -- c608a5149cf11573b59c9552507b40a1.pdf,yes,yes,yes,Ziwei P0: 中州派-Serie + 星曜性质.
1,81,ziwei,K2_ref,queued,中州派紫微斗数深造讲义 -- 王亭之 -- 09f1ff5bd70336de1315df158ef2a261.pdf,ziwei/中州派紫微斗数深造讲义 -- 王亭之 -- 09f1ff5bd70336de1315df158ef2a261.pdf,yes,yes,yes,Ziwei P0: 中州派-Serie + 星曜性质.
1,82,ziwei,K2_ref,queued,王亭之-紫微斗数讲义补注(上册) -- 王亭之 -- 922e192fdba5d7881732f73be7622760.pdf,ziwei/王亭之-紫微斗数讲义补注(上册) -- 王亭之 -- 922e192fdba5d7881732f73be7622760.pdf,yes,yes,yes,Ziwei P0: 中州派-Serie + 星曜性质.
1,83,ziwei,K2_ref,queued,王亭之-紫微斗数讲义补注(下册) -- 王亭之 -- 93e83656b251d468b3199f38b0291d1c.pdf,ziwei/王亭之-紫微斗数讲义补注(下册) -- 王亭之 -- 93e83656b251d468b3199f38b0291d1c.pdf,yes,yes,yes,Ziwei P0: 中州派-Serie + 星曜性质.
1,84,ziwei,K2_ref,queued,王亭之-紫微斗数讲义补注(中册 -- 王亭之 -- d35ec125d3332c5ea3cb7c9f326856d0.pdf,ziwei/王亭之-紫微斗数讲义补注(中册 -- 王亭之 -- d35ec125d3332c5ea3cb7c9f326856d0.pdf,yes,yes,yes,Ziwei P0: 中州派-Serie + 星曜性质.
1,85,ziwei,K2_ref,queued,王亭之紫微斗数全集一 -- ixinzhi -- iBooker xinzhi -- db184e7356a0bbbafd3a1da4b5075847.pdf,ziwei/王亭之紫微斗数全集一 -- ixinzhi -- iBooker xinzhi -- db184e7356a0bbbafd3a1da4b5075847.pdf,yes,yes,yes,Ziwei P0: 中州派-Serie + 星曜性质.
1,86,ziwei,K2_ref,queued,王亭之紫微斗数全集三 -- ixinzhi -- iBooker xinzhi -- 82e8fc3c6a9c6fef64312b08baf4d0b3.pdf,ziwei/王亭之紫微斗数全集三 -- ixinzhi -- iBooker xinzhi -- 82e8fc3c6a9c6fef64312b08baf4d0b3.pdf,yes,yes,yes,Ziwei P0: 中州派-Serie + 星曜性质.
1,87,ziwei,K2_ref,queued,王亭之紫微斗数全集二 -- ixinzhi -- iBooker xinzhi -- cd527cf82f1d22076ffbff621e9d4f68.pdf,ziwei/王亭之紫微斗数全集二 -- ixinzhi -- iBooker xinzhi -- cd527cf82f1d22076ffbff621e9d4f68.pdf,yes,yes,yes,Ziwei P0: 中州派-Serie + 星曜性质.
1,88,ziwei,K2_ref,queued,王亭之紫微斗数全集五 -- ixinzhi -- iBooker xinzhi -- bfd27cc3101bd7bd7e0679ca380fed4f.pdf,ziwei/王亭之紫微斗数全集五 -- ixinzhi -- iBooker xinzhi -- bfd27cc3101bd7bd7e0679ca380fed4f.pdf,yes,yes,yes,Ziwei P0: 中州派-Serie + 星曜性质.
1,89,ziwei,K2_ref,queued,王亭之紫微斗数全集六 -- ixinzhi -- iBooker xinzhi -- ba71cd450f8ceda4f93ce5470e449489.pdf,ziwei/王亭之紫微斗数全集六 -- ixinzhi -- iBooker xinzhi -- ba71cd450f8ceda4f93ce5470e449489.pdf,yes,yes,yes,Ziwei P0: 中州派-Serie + 星曜性质.
1,90,ziwei,K2_ref,queued,王亭之紫微斗数全集四 -- ixinzhi -- iBooker xinzhi -- 818e991fb6ffd2baf92163fe8503f97d.pdf,ziwei/王亭之紫微斗数全集四 -- ixinzhi -- iBooker xinzhi -- 818e991fb6ffd2baf92163fe8503f97d.pdf,yes,yes,yes,Ziwei P0: 中州派-Serie + 星曜性质.
1,91,ziwei,K2_ref,queued,紫微斗数全集_流年凶灾详析_pdf -- 王亭之 -- eb1dd24d092902d73698c8df823663ab.pdf,ziwei/紫微斗数全集_流年凶灾详析_pdf -- 王亭之 -- eb1dd24d092902d73698c8df823663ab.pdf,yes,yes,yes,Ziwei P0: 中州派-Serie + 星曜性质.
1,92,ziwei,K2_ref,queued,"紫微斗数讲义 _ 星曜性质 Zi wei dou shu jiang yi _ xing yao xing zhi -- 陆斌兆著 ; 王亭之注释; 陆斌兆; 谈锡永 -- 斗数玄空系列, 2013 -- 上海：复旦大学出版社 -- isbn13 9787309094718 -- b2f52930bc1b42ca9eb7e89a7.pdf","ziwei/紫微斗数讲义 _ 星曜性质 Zi wei dou shu jiang yi _ xing yao xing zhi -- 陆斌兆著 ; 王亭之注释; 陆斌兆; 谈锡永 -- 斗数玄空系列, 2013 -- 上海：复旦大学出版社 -- isbn13 9787309094718 -- b2f52930bc1b42ca9eb7e89a7.pdf",yes,yes,yes,Ziwei P0: 中州派-Serie + 星曜性质.
1,93,astro,K2_ref,queued,"Ancient Astrology in Theory and Practice_ A Manual of -- Demetra George -- Auckland, New Zealand, 2022 -- Rubedo Press -- isbn13 9780473445393 -- cc0bd94229290713bff61ef3968b9c28.pdf","astro/Ancient Astrology in Theory and Practice_ A Manual of -- Demetra George -- Auckland, New Zealand, 2022 -- Rubedo Press -- isbn13 9780473445393 -- cc0bd94229290713bff61ef3968b9c28.pdf",yes,yes,optional,K2+K3 priorisieren; K4 optional.
1,94,astro,K2_ref,queued,Christian Astrology - All Three Volumes -- William Lilly -- c23c88ec29b8d5abc4dbf9a260d50232.pdf,astro/Christian Astrology - All Three Volumes -- William Lilly -- c23c88ec29b8d5abc4dbf9a260d50232.pdf,yes,yes,optional,K2+K3 priorisieren; K4 optional.
1,95,astro,K2_ref,queued,Christian-Astrology-II -- William-Lilly -- c43f8b598f78793682c90fca57a90dca -- Anna’s Archive.pdf,astro/Christian-Astrology-II -- William-Lilly -- c43f8b598f78793682c90fca57a90dca -- Anna’s Archive.pdf,yes,yes,optional,K2+K3 priorisieren; K4 optional.
1,96,astro,K2_ref,queued,"Claudius Ptolemy - Tetrabiblos, Book I__text - Greek Track -- Claudius Ptolemy, Robert Schmidt, Robert Hand -- Greek Track, 5, 1994 -- Golden Hind -- 4b90a3c04e568adeec9e6fc654355b57 -- Anna’s Archive.pdf","astro/Claudius Ptolemy - Tetrabiblos, Book I__text - Greek Track -- Claudius Ptolemy, Robert Schmidt, Robert Hand -- Greek Track, 5, 1994 -- Golden Hind -- 4b90a3c04e568adeec9e6fc654355b57 -- Anna’s Archive.pdf",yes,yes,optional,K2+K3 priorisieren; K4 optional.
1,97,astro,K2_ref,queued,"Dorotheus, Orpheus, Anubio & Pseudo-Valens_ Teachings on -- Dorotheus, Orpheus, Anubio & Pseudo-Valens, Robert Hand -- 1995 -- 2034771d5968de8d5a332bb062c9be3a -- Anna’s Archive.pdf","astro/Dorotheus, Orpheus, Anubio & Pseudo-Valens_ Teachings on -- Dorotheus, Orpheus, Anubio & Pseudo-Valens, Robert Hand -- 1995 -- 2034771d5968de8d5a332bb062c9be3a -- Anna’s Archive.pdf",yes,yes,optional,K2+K3 priorisieren; K4 optional.
1,98,astro,K2_ref,queued,"Claudius Ptolemy - Tetrabiblos, Book I__text - Greek Track -- Claudius Ptolemy, Robert Schmidt, Robert Hand -- Greek Track, 5, 1994 -- Golden Hind -- 4b90a3c04e568adeec9e6fc654355b57 -- Anna’s Archive.pdf","astro/K2/Claudius Ptolemy - Tetrabiblos, Book I__text - Greek Track -- Claudius Ptolemy, Robert Schmidt, Robert Hand -- Greek Track, 5, 1994 -- Golden Hind -- 4b90a3c04e568adeec9e6fc654355b57 -- Anna’s Archive.pdf",yes,yes,optional,K2+K3 priorisieren; K4 optional.
1,99,astro,K2_ref,queued,"Planets in Transit_ Life Cycles for Living (The Planet -- Hand, Robert -- 9th print, Rockport, Mass, 1983 -- Para Research -- isbn13 9780914918042 -- 5bfb5d4044ddef736d68344250d12fd4 -- Anna’s Archive.pdf","astro/Planets in Transit_ Life Cycles for Living (The Planet -- Hand, Robert -- 9th print, Rockport, Mass, 1983 -- Para Research -- isbn13 9780914918042 -- 5bfb5d4044ddef736d68344250d12fd4 -- Anna’s Archive.pdf",yes,yes,optional,K2+K3 priorisieren; K4 optional.
1,100,astro,K2_ref,queued,Tetrabiblos -- Peter J_ Clark -- 2006 -- f09efdc39fdca373cf532497824924b2 -- Anna’s Archive.pdf,astro/Tetrabiblos -- Peter J_ Clark -- 2006 -- f09efdc39fdca373cf532497824924b2 -- Anna’s Archive.pdf,yes,yes,optional,K2+K3 priorisieren; K4 optional.
1,101,astro,K2_ref,queued,"The astrology of personality _ a re-formulation of -- Dane Rudhyar -- 1987-12-01 -- Aurora Press, Incorporated -- isbn13 9780943358253 -- 435f03bc08534740b085616654b6a88f -- Anna’s Archive.pdf","astro/The astrology of personality _ a re-formulation of -- Dane Rudhyar -- 1987-12-01 -- Aurora Press, Incorporated -- isbn13 9780943358253 -- 435f03bc08534740b085616654b6a88f -- Anna’s Archive.pdf",yes,yes,optional,K2+K3 priorisieren; K4 optional.
1,102,jyotish,K2_ref,queued,"Brihat Parasara Hora Sastra 1 -- Maharshi Parasara -- 1, 1984 -- Ranjan Publications -- 8d0c28cbdc3327fdb3737efba478b3a3 -- Anna’s Archive.pdf","joveish/K2+K3/Brihat Parasara Hora Sastra 1 -- Maharshi Parasara -- 1, 1984 -- Ranjan Publications -- 8d0c28cbdc3327fdb3737efba478b3a3 -- Anna’s Archive.pdf",yes,yes,optional,K2+K3 priorisieren; K4 optional.
1,103,jyotish,K2_ref,queued,"Brihat Parasara Hora Sastra 2 -- Maharshi Parasara -- 2, 1984 -- Ranjan Publications -- 8d473cc1a9db6764372f0c4b31729147 -- Anna’s Archive.pdf","joveish/K2+K3/Brihat Parasara Hora Sastra 2 -- Maharshi Parasara -- 2, 1984 -- Ranjan Publications -- 8d473cc1a9db6764372f0c4b31729147 -- Anna’s Archive.pdf",yes,yes,optional,K2+K3 priorisieren; K4 optional.
1,104,jyotish,K2_ref,queued,"alterna K3 schule Brhajjatakam = Varahamihira's Brihat jataka -- India, 1929 -- oclc 6359909 -- fb662e0ccbaa57e48c781cacad32401e.zip","joveish/alterna K3 schule Brhajjatakam = Varahamihira's Brihat jataka -- India, 1929 -- oclc 6359909 -- fb662e0ccbaa57e48c781cacad32401e.zip",yes,yes,optional,K2+K3 priorisieren; K4 optional.
1,105,i_ching,K2_ref,queued,64keys_Blue-I-Ching.pdf,I Ching/64keys_Blue-I-Ching.pdf,yes,yes,optional,K2+K3 priorisieren; K4 optional.
1,106,i_ching,K2_ref,queued,"The Book of Lines_ A 21st Century View of the IChing, the -- Chetan Parkyn [Parkyn, Chetan] -- 2014 -- Chetan Parkyn -- 9e86b7a2448cefdfaccdd05cb5430a62.pdf","I Ching/The Book of Lines_ A 21st Century View of the IChing, the -- Chetan Parkyn [Parkyn, Chetan] -- 2014 -- Chetan Parkyn -- 9e86b7a2448cefdfaccdd05cb5430a62.pdf",yes,yes,optional,K2+K3 priorisieren; K4 optional.
1,107,i_ching,K2_ref,queued,The complete I Ching -- Alfred  Huang -- isbn13 9781594773860 -- b260a45fecafe85653a5a9f9812141aa -- Anna’s Archive.pdf,I Ching/The complete I Ching -- Alfred  Huang -- isbn13 9781594773860 -- b260a45fecafe85653a5a9f9812141aa -- Anna’s Archive.pdf,yes,yes,optional,K2+K3 priorisieren; K4 optional.
1,108,i_ching,K2_ref,queued,"Unearthing the Changes_ Recently Discovered Manuscripts of -- Shaughnessy, Edward L_; -- 1, 1, 2014 -- 8dcb2be4ef8d88e8bdda28ef43b81967 -- Anna’s Archive.pdf","I Ching/Unearthing the Changes_ Recently Discovered Manuscripts of -- Shaughnessy, Edward L_; -- 1, 1, 2014 -- 8dcb2be4ef8d88e8bdda28ef43b81967 -- Anna’s Archive.pdf",yes,yes,optional,K2+K3 priorisieren; K4 optional.
1,109,wu_xing,K2_ref,queued,"Chinese medicine_ the web that has no weaver -- Ted J_ Kaptchuk -- London, England, 1985 -- Rider; Ebury Publishing -- isbn13 9780712611725 -- 34a8278b13ae7a9fd227ab755255111b -- Anna’s Archive.pdf","wu_xing/Chinese medicine_ the web that has no weaver -- Ted J_ Kaptchuk -- London, England, 1985 -- Rider; Ebury Publishing -- isbn13 9780712611725 -- 34a8278b13ae7a9fd227ab755255111b -- Anna’s Archive.pdf",yes,yes,optional,K2+K3 priorisieren; K4 optional.
1,110,wu_xing,K2_ref,queued,The Yellow Emperor’s Classic of Medicine — Essential -- Jinghua Fu && Mingshan Yang -- 2019 -- dacb65ae6ac7797e69211fb3618436d0 -- Anna’s Archive.pdf,wu_xing/The Yellow Emperor’s Classic of Medicine — Essential -- Jinghua Fu && Mingshan Yang -- 2019 -- dacb65ae6ac7797e69211fb3618436d0 -- Anna’s Archive.pdf,yes,yes,optional,K2+K3 priorisieren; K4 optional.
1,111,wu_xing,K2_ref,queued,"Zang fu 脏腑 the organ systems of traditional Chinese medicine -- Jeremy Ross -- 2, 1998 -- Churchill living stone -- 86c4e4ccb45fa58d3800fae08583cb81 -- Anna’s Archive.pdf","wu_xing/Zang fu 脏腑 the organ systems of traditional Chinese medicine -- Jeremy Ross -- 2, 1998 -- Churchill living stone -- 86c4e4ccb45fa58d3800fae08583cb81 -- Anna’s Archive.pdf",yes,yes,optional,K2+K3 priorisieren; K4 optional.
1,112,kabbalah_jewish,K2_ref,queued,A Garden of Pomegranates -- Israel Regardie -- 2007 -- 0f02208bd9ac7c63c0e3a95b07eac905 -- Anna’s Archive.pdf,kabalah/A Garden of Pomegranates -- Israel Regardie -- 2007 -- 0f02208bd9ac7c63c0e3a95b07eac905 -- Anna’s Archive.pdf,yes,yes,optional,K2+K3 priorisieren; K4 optional.
1,113,kabbalah_jewish,K2_ref,queued,"Kabbalah _ New Perspectives -- Moshe Idel -- Yale University Press, New Haven, 1988 -- Yale University Press -- isbn13 9780300038606 -- f6394cbb164fd29b100f78a4ce86469d -- Anna’s Archive.pdf","kabalah/Kabbalah _ New Perspectives -- Moshe Idel -- Yale University Press, New Haven, 1988 -- Yale University Press -- isbn13 9780300038606 -- f6394cbb164fd29b100f78a4ce86469d -- Anna’s Archive.pdf",yes,yes,optional,K2+K3 priorisieren; K4 optional.
1,114,kabbalah_jewish,K2_ref,queued,"Kabbalah _ New Perspectives -- Professor Moshe Idel -- Place of publication not identified, 1990 -- Yale University Press -- isbn13 9780300038606 -- c0d848928c8ae3cdfab4f0bb407c6c58 -- Anna’s Archive.pdf","kabalah/Kabbalah _ New Perspectives -- Professor Moshe Idel -- Place of publication not identified, 1990 -- Yale University Press -- isbn13 9780300038606 -- c0d848928c8ae3cdfab4f0bb407c6c58 -- Anna’s Archive.pdf",yes,yes,optional,K2+K3 priorisieren; K4 optional.
1,115,kabbalah_jewish,K2_ref,queued,"Kabbalah_ A Guide to Qabalah, Jewish Mysticism, Sefer -- Silva, Mari -- 2021 -- 7a1ae2b00e2501e9700460eea57813c3 -- Anna’s Archive.epub","kabalah/Kabbalah_ A Guide to Qabalah, Jewish Mysticism, Sefer -- Silva, Mari -- 2021 -- 7a1ae2b00e2501e9700460eea57813c3 -- Anna’s Archive.epub",yes,yes,optional,K2+K3 priorisieren; K4 optional.
1,116,kabbalah_jewish,K2_ref,queued,Major trends in Jewish mysticism -- Gershom Scholem -- 2017 -- 9a943b0380598afbe9f73f923ac5bf91 -- Anna’s Archive.pdf,kabalah/Major trends in Jewish mysticism -- Gershom Scholem -- 2017 -- 9a943b0380598afbe9f73f923ac5bf91 -- Anna’s Archive.pdf,yes,yes,optional,K2+K3 priorisieren; K4 optional.
1,117,kabbalah_jewish,K2_ref,queued,"The Bahir _ Illumination -- Aryeh Kaplan; Neḥunya ben ha-Kanah -- San Francisco, Calif, 2001 -- Weiser Books -- isbn13 9780877286189 -- 53b8f1f2738033bf67e2e383f2236440 -- Anna’s Archive.epub","kabalah/The Bahir _ Illumination -- Aryeh Kaplan; Neḥunya ben ha-Kanah -- San Francisco, Calif, 2001 -- Weiser Books -- isbn13 9780877286189 -- 53b8f1f2738033bf67e2e383f2236440 -- Anna’s Archive.epub",yes,yes,optional,K2+K3 priorisieren; K4 optional.
1,118,kabbalah_jewish,K2_ref,queued,"The Book of Creation ; in theory and practice, Sefer Yetzirah -- isbn13 9780877288558 -- 8458154f0c2af9be777d2744eb7292a4 -- Anna’s Archive.pdf","kabalah/The Book of Creation ; in theory and practice, Sefer Yetzirah -- isbn13 9780877288558 -- 8458154f0c2af9be777d2744eb7292a4 -- Anna’s Archive.pdf",yes,yes,optional,K2+K3 priorisieren; K4 optional.
1,119,kabbalah_jewish,K2_ref,queued,The Middle Pillar -- Israel Regardie -- 2005 -- 409de07045bce7c1fb59c15704835b4c -- Anna’s Archive.pdf,kabalah/The Middle Pillar -- Israel Regardie -- 2005 -- 409de07045bce7c1fb59c15704835b4c -- Anna’s Archive.pdf,yes,yes,optional,K2+K3 priorisieren; K4 optional.
1,120,kabbalah_jewish,K2_ref,queued,The Mystical Qabalah -- Dion Fortune -- 2019 -- Global Grey -- 4bea12dd404ef9eb716f50e7b5b4c9b8 -- Anna’s Archive.pdf,kabalah/The Mystical Qabalah -- Dion Fortune -- 2019 -- Global Grey -- 4bea12dd404ef9eb716f50e7b5b4c9b8 -- Anna’s Archive.pdf,yes,yes,optional,K2+K3 priorisieren; K4 optional.
1,121,kabbalah_jewish,K2_ref,queued,"Weiser, LLC, York Beach, Me, 1997 -- Weiser -- isbn13 9780877288558 -- 8458154f0c2af9be777d2744eb7292a4 -- Anna’s Archive.pdf","kabalah/Weiser, LLC, York Beach, Me, 1997 -- Weiser -- isbn13 9780877288558 -- 8458154f0c2af9be777d2744eb7292a4 -- Anna’s Archive.pdf",yes,yes,optional,K2+K3 priorisieren; K4 optional.
1,122,kabbalah_jewish,K2_ref,queued,"Kabbalah _ New Perspectives -- Moshe Idel -- Yale University Press, New Haven, 1988 -- Yale University Press -- isbn13 9780300038606 -- f6394cbb164fd29b100f78a4ce86469d -- Anna’s Archive.pdf","kabalah/kabbalah_jewish/Kabbalah _ New Perspectives -- Moshe Idel -- Yale University Press, New Haven, 1988 -- Yale University Press -- isbn13 9780300038606 -- f6394cbb164fd29b100f78a4ce86469d -- Anna’s Archive.pdf",yes,yes,optional,K2+K3 priorisieren; K4 optional.
1,123,kabbalah_jewish,K2_ref,queued,"Kabbalah_ A Guide to Qabalah, Jewish Mysticism, Sefer -- Silva, Mari -- 2021 -- 7a1ae2b00e2501e9700460eea57813c3 -- Anna’s Archive.epub","kabalah/kabbalah_jewish/Kabbalah_ A Guide to Qabalah, Jewish Mysticism, Sefer -- Silva, Mari -- 2021 -- 7a1ae2b00e2501e9700460eea57813c3 -- Anna’s Archive.epub",yes,yes,optional,K2+K3 priorisieren; K4 optional.
1,124,kabbalah_jewish,K2_ref,queued,"Kaplan — Meditation and Kabbalah -- Weiser, LLC, York -- isbn13 9780877283652 -- 3f4c6d6ee7ea352bdbc02a6c786d067c.pdf","kabalah/kabbalah_jewish/Kaplan — Meditation and Kabbalah -- Weiser, LLC, York -- isbn13 9780877283652 -- 3f4c6d6ee7ea352bdbc02a6c786d067c.pdf",yes,yes,optional,Tradition-Tag setzen; juedisch vs hermetisch nicht mischen.
1,125,kabbalah_jewish,K2_ref,queued,Major trends in Jewish mysticism -- Gershom Scholem -- 2017 -- 9a943b0380598afbe9f73f923ac5bf91 -- Anna’s Archive.pdf,kabalah/kabbalah_jewish/Major trends in Jewish mysticism -- Gershom Scholem -- 2017 -- 9a943b0380598afbe9f73f923ac5bf91 -- Anna’s Archive.pdf,yes,yes,optional,K2+K3 priorisieren; K4 optional.
1,126,kabbalah_jewish,K2_ref,queued,"The Bahir _ Illumination -- Aryeh Kaplan; Neḥunya ben ha-Kanah -- San Francisco, Calif, 2001 -- Weiser Books -- isbn13 9780877286189 -- 53b8f1f2738033bf67e2e383f2236440 -- Anna’s Archive.epub","kabalah/kabbalah_jewish/The Bahir _ Illumination -- Aryeh Kaplan; Neḥunya ben ha-Kanah -- San Francisco, Calif, 2001 -- Weiser Books -- isbn13 9780877286189 -- 53b8f1f2738033bf67e2e383f2236440 -- Anna’s Archive.epub",yes,yes,optional,K2+K3 priorisieren; K4 optional.
1,127,kabbalah_hermetic,K2_ref,queued,A Garden of Pomegranates -- Israel Regardie -- 2007 -- 0f02208bd9ac7c63c0e3a95b07eac905 -- Anna’s Archive.pdf,kabalah/kabbalah_hermetic/A Garden of Pomegranates -- Israel Regardie -- 2007 -- 0f02208bd9ac7c63c0e3a95b07eac905 -- Anna’s Archive.pdf,yes,yes,optional,K2+K3 priorisieren; K4 optional.
1,128,kabbalah_hermetic,K2_ref,queued,The Middle Pillar -- Israel Regardie -- 2005 -- 409de07045bce7c1fb59c15704835b4c -- Anna’s Archive.pdf,kabalah/kabbalah_hermetic/The Middle Pillar -- Israel Regardie -- 2005 -- 409de07045bce7c1fb59c15704835b4c -- Anna’s Archive.pdf,yes,yes,optional,K2+K3 priorisieren; K4 optional.
1,129,kabbalah_hermetic,K2_ref,queued,The Mystical Qabalah -- Dion Fortune -- 2019 -- Global Grey -- 4bea12dd404ef9eb716f50e7b5b4c9b8 -- Anna’s Archive.pdf,kabalah/kabbalah_hermetic/The Mystical Qabalah -- Dion Fortune -- 2019 -- Global Grey -- 4bea12dd404ef9eb716f50e7b5b4c9b8 -- Anna’s Archive.pdf,yes,yes,optional,K2+K3 priorisieren; K4 optional.
1,130,chakra,K2_ref,queued,THE SERPENT POWER Being the Sat-Cakra-Nirupana and -- sir john woodroffe -- ganesh and company -- 3674738cfef3a4d956107f930afad2cc -- Anna’s Archive.pdf,chakra/THE SERPENT POWER Being the Sat-Cakra-Nirupana and -- sir john woodroffe -- ganesh and company -- 3674738cfef3a4d956107f930afad2cc -- Anna’s Archive.pdf,yes,yes,optional,K2+K3 priorisieren; K4 optional.
1,131,chakra,K2_ref,queued,The Serpent Power - The Secrets of Tantric and Shaktic Yoga -- Arthur Avalon -- 2009 -- 635a5050940147c1b6c0b5158d93c60e -- Anna’s Archive.pdf,chakra/The Serpent Power - The Secrets of Tantric and Shaktic Yoga -- Arthur Avalon -- 2009 -- 635a5050940147c1b6c0b5158d93c60e -- Anna’s Archive.pdf,yes,yes,optional,K2+K3 priorisieren; K4 optional.
1,132,chakra,K2_ref,queued,Wheels of Life_ A User's Guide to the Chakra System -- Anodea Judith -- 2012 -- Llewellyn Worldwide -- 205a6c0a201d5113b98bc36815ed3b68 -- Anna’s Archive.epub,chakra/Wheels of Life_ A User's Guide to the Chakra System -- Anodea Judith -- 2012 -- Llewellyn Worldwide -- 205a6c0a201d5113b98bc36815ed3b68 -- Anna’s Archive.epub,yes,yes,optional,K2+K3 priorisieren; K4 optional.
1,133,akan,K2_ref,queued,Akan-Ashanti Folk-tales -- Rattray R_S_ -- 663224a9bfa819d358062569bf0aa71f.pdf,akan/Akan-Ashanti Folk-tales -- Rattray R_S_ -- 663224a9bfa819d358062569bf0aa71f.pdf,optional,yes,optional,
1,134,akan,K2_ref,queued,"An essay on African philosophical thought _ the Akan -- Gyekye, Kwame -- Rev_ ed_, Philadelphia, Pennsylvania, 1995 -- Philadelphia _ Temple -- isbn13 9781566393805 -- 8a6588dc002aa171312401d102441209.pdf","akan/An essay on African philosophical thought _ the Akan -- Gyekye, Kwame -- Rev_ ed_, Philadelphia, Pennsylvania, 1995 -- Philadelphia _ Temple -- isbn13 9781566393805 -- 8a6588dc002aa171312401d102441209.pdf",optional,yes,optional,
1,135,akan,K2_ref,queued,Ashanti -- Capt_ R_ S_ Rattray -- eab62623f2e1fe1d68f9a22cae963790.pdf,akan/Ashanti -- Capt_ R_ S_ Rattray -- eab62623f2e1fe1d68f9a22cae963790.pdf,optional,yes,optional,
1,136,pancha_bhuta,K2_ref,queued,"Agnivesa's Caraka Samhita -- Volume 1, -- 1af09d91650870e127cab62d39a79858 -- Anna’s Archive.pdf","pancha_bhuta/Agnivesa's Caraka Samhita -- Volume 1, -- 1af09d91650870e127cab62d39a79858 -- Anna’s Archive.pdf",yes,yes,optional,K2+K3 priorisieren; K4 optional.
1,137,pancha_bhuta,K2_ref,queued,"Motilal Banarsidass Publishers Pvt_ Ltd_ Ayurvedic -- Frawley, David -- Reprint, Delhi, 2016, ©2005 -- Motilal Banarsidass, -- isbn13 9788120831346 -- f12b0e26a6571af967c8fdfd68b25de2 -- Anna’s Archive.pdf","pancha_bhuta/Motilal Banarsidass Publishers Pvt_ Ltd_ Ayurvedic -- Frawley, David -- Reprint, Delhi, 2016, ©2005 -- Motilal Banarsidass, -- isbn13 9788120831346 -- f12b0e26a6571af967c8fdfd68b25de2 -- Anna’s Archive.pdf",yes,yes,optional,K2+K3 priorisieren; K4 optional.
1,138,pancha_bhuta,K2_ref,queued,Samkhya Karika Of Isvara Krsna -- Tattva Kaumudi -- 1995 -- Sri Ramakrishna Math -- bcdd18a9b20ad1ca802ff8368ccbb592 -- Anna’s Archive.pdf,pancha_bhuta/Samkhya Karika Of Isvara Krsna -- Tattva Kaumudi -- 1995 -- Sri Ramakrishna Math -- bcdd18a9b20ad1ca802ff8368ccbb592 -- Anna’s Archive.pdf,yes,yes,optional,K2+K3 priorisieren; K4 optional.
1,139,western_elements,K2_ref,queued,"Dorotheus, Orpheus, Anubio & Pseudo-Valens_ Teachings on -- Dorotheus, Orpheus, Anubio & Pseudo-Valens, Robert Hand -- 1995 -- 2034771d5968de8d5a332bb062c9be3a -- Anna’s Archive.pdf","western_elements/Dorotheus, Orpheus, Anubio & Pseudo-Valens_ Teachings on -- Dorotheus, Orpheus, Anubio & Pseudo-Valens, Robert Hand -- 1995 -- 2034771d5968de8d5a332bb062c9be3a -- Anna’s Archive.pdf",yes,yes,optional,K2+K3 priorisieren; K4 optional.
1,140,western_elements,K2_ref,queued,On Generation and Corruption -- Aristotle -- 2018 -- a6b435d0057415b13844215239c63e30 -- Anna’s Archive.pdf,western_elements/On Generation and Corruption -- Aristotle -- 2018 -- a6b435d0057415b13844215239c63e30 -- Anna’s Archive.pdf,yes,yes,optional,K2+K3 priorisieren; K4 optional.
1,141,western_elements,K2_ref,queued,"Paracelsus _ essential readings -- Paracelsus; Nicholas Goodrick-Clarke -- Essential readings, Wellingborough, Northamptonshire, -- Crucible -- isbn13 9781852740665 -- be07bd7dfc04c98bff1104376706222d.pdf","western_elements/Paracelsus _ essential readings -- Paracelsus; Nicholas Goodrick-Clarke -- Essential readings, Wellingborough, Northamptonshire, -- Crucible -- isbn13 9781852740665 -- be07bd7dfc04c98bff1104376706222d.pdf",yes,yes,optional,K2+K3 priorisieren; K4 optional.
3,142,hd,K3_deutung,queued,2022 Quantum Human Design Evolution Guide_ Using Solar -- Karen Curry Parker -- 2022 -- Human Design Press -- 02c07d826099b19160f39bfbc93e4b7b -- Anna’s Archive.pdf,other_hd/2022 Quantum Human Design Evolution Guide_ Using Solar -- Karen Curry Parker -- 2022 -- Human Design Press -- 02c07d826099b19160f39bfbc93e4b7b -- Anna’s Archive.pdf,optional,yes,yes,Nicht-Ra: K3/K4 priorisieren.
3,143,hd,K3_deutung,queued,"Abundance by Design -- Karen Curry Parker -- 2016 -- GracePoint Matrix, LLC -- 7d15b7564a6b0884606cf125f9b2d80b -- Anna’s Archive.pdf","other_hd/Abundance by Design -- Karen Curry Parker -- 2016 -- GracePoint Matrix, LLC -- 7d15b7564a6b0884606cf125f9b2d80b -- Anna’s Archive.pdf",optional,yes,yes,Nicht-Ra: K3/K4 priorisieren.
3,144,hd,K3_deutung,queued,"BaanTu_ The Key to Your Nature and Life 1 -- Steve Rhodes -- The Human Design Trilogy, 1, 3, 2015 -- RME Publishing -- 5692198d2741d2298007eec1b5278850 -- Anna’s Archive.pdf","other_hd/BaanTu_ The Key to Your Nature and Life 1 -- Steve Rhodes -- The Human Design Trilogy, 1, 3, 2015 -- RME Publishing -- 5692198d2741d2298007eec1b5278850 -- Anna’s Archive.pdf",optional,yes,yes,Nicht-Ra: K3/K4 priorisieren.
3,145,hd,K3_deutung,queued,Human Design Made Simple_ Unlock Your Strengths and Discover -- Emma Dunwoody -- 2025 -- Penguin Publishing Group -- d6aa37ca4a12ffeb0febf87186efa0bb -- Anna’s Archive.epub,other_hd/Human Design Made Simple_ Unlock Your Strengths and Discover -- Emma Dunwoody -- 2025 -- Penguin Publishing Group -- d6aa37ca4a12ffeb0febf87186efa0bb -- Anna’s Archive.epub,optional,yes,yes,Nicht-Ra: K3/K4 priorisieren.
3,146,hd,K3_deutung,queued,Human Design System - The Centres -- Peter Schoeber -- 2014 -- Human Design Services -- 87fa16d779ca4813d97e4cd989917b78 -- Anna’s Archive.pdf,other_hd/Human Design System - The Centres -- Peter Schoeber -- 2014 -- Human Design Services -- 87fa16d779ca4813d97e4cd989917b78 -- Anna’s Archive.pdf,optional,yes,yes,Nicht-Ra: K3/K4 priorisieren.
3,147,hd,K3_deutung,queued,"Human design _ how to read a graph -- Steve Rhodes -- The Human Design Trilogy, 1, 2015 -- Bhan Tugh Publishing -- isbn13 9781517749897 -- 64514fef20c1a7a6536f77126f3e93c9 -- Anna’s Archive.pdf","other_hd/Human design _ how to read a graph -- Steve Rhodes -- The Human Design Trilogy, 1, 2015 -- Bhan Tugh Publishing -- isbn13 9781517749897 -- 64514fef20c1a7a6536f77126f3e93c9 -- Anna’s Archive.pdf",optional,yes,yes,Nicht-Ra: K3/K4 priorisieren.
3,148,hd,K3_deutung,queued,Intro to Human Design System -- Karen Curry Parker -- 2019 -- 67a612e0cf6aa5326a738b4ae00a94f3 -- Anna’s Archive.pdf,other_hd/Intro to Human Design System -- Karen Curry Parker -- 2019 -- 67a612e0cf6aa5326a738b4ae00a94f3 -- Anna’s Archive.pdf,optional,yes,yes,Nicht-Ra: K3/K4 priorisieren.
3,149,hd,K3_deutung,queued,Quantum Activation Cards Companion Guidebook -- Karen Curry Parker -- 2021 -- Human Design Press -- 917d6c150b197216c43057f65515b7f2 -- Anna’s Archive.pdf,other_hd/Quantum Activation Cards Companion Guidebook -- Karen Curry Parker -- 2021 -- Human Design Press -- 917d6c150b197216c43057f65515b7f2 -- Anna’s Archive.pdf,optional,yes,yes,Nicht-Ra: K3/K4 priorisieren.
3,150,hd,K3_deutung,queued,Quantum Wellness -- Karen Curry Parker -- 2025 -- Human Design Press -- isbn13 9781961347830 -- 20ae81afcd903055a4ab48b6f81f39e3 -- Anna’s Archive.epub,other_hd/Quantum Wellness -- Karen Curry Parker -- 2025 -- Human Design Press -- isbn13 9781961347830 -- 20ae81afcd903055a4ab48b6f81f39e3 -- Anna’s Archive.epub,optional,yes,yes,Nicht-Ra: K3/K4 priorisieren.
3,151,hd,K3_deutung,queued,The Encyclopedia of Quantum Human Design -- Karen Curry Parker -- 4444078c55df635c975f0226d7f31de3 -- Anna’s Archive.pdf,other_hd/The Encyclopedia of Quantum Human Design -- Karen Curry Parker -- 4444078c55df635c975f0226d7f31de3 -- Anna’s Archive.pdf,optional,yes,yes,Nicht-Ra: K3/K4 priorisieren.
3,152,hd,K3_deutung,queued,The Human Design Workbook Karan Curry Parler -- isbn13 9781950253296 -- d49bb8e3d9789def3039c9ab5426dd5b -- Anna’s Archive.pdf,other_hd/The Human Design Workbook Karan Curry Parler -- isbn13 9781950253296 -- d49bb8e3d9789def3039c9ab5426dd5b -- Anna’s Archive.pdf,optional,yes,yes,Nicht-Ra: K3/K4 priorisieren.
3,153,hd,K3_deutung,queued,The Quantum Human -- Karen Curry Parker -- 2021 -- Human Design Press -- fc6bf768a95fdbeb3e45b8c42901a824 -- Anna’s Archive.pdf,other_hd/The Quantum Human -- Karen Curry Parker -- 2021 -- Human Design Press -- fc6bf768a95fdbeb3e45b8c42901a824 -- Anna’s Archive.pdf,optional,yes,yes,Nicht-Ra: K3/K4 priorisieren.
3,154,bazi,K3_deutung,queued,"中国古代术数全书 滴天髓 -- (宋)京图撰;(明)刘基注;(清)任铁樵疏;孙正治点校, Jing Tu zhuan, Liu Ji zhu, Ren -- 1994, 1994 -- 郑州_中州古籍出版社 -- isbn13 9787534812729 -- af1a8690f8356235e1dcf1e55997daf2.pdf","bazi/K3/中国古代术数全书 滴天髓 -- (宋)京图撰;(明)刘基注;(清)任铁樵疏;孙正治点校, Jing Tu zhuan, Liu Ji zhu, Ren -- 1994, 1994 -- 郑州_中州古籍出版社 -- isbn13 9787534812729 -- af1a8690f8356235e1dcf1e55997daf2.pdf",yes,yes,optional,K2+K3 priorisieren; K4 optional.
3,155,bazi,K3_deutung,queued,"四库存目 子平汇刊 5 穷通宝鉴评注 -- (清)徐乐吾注 -- 四库存目子平汇刊, 2015 -- 北京：华龄出版社 -- isbn13 9787516905128 -- 4f8bd8e25832d5ca180123fc079d9b88 -- Anna’s Archive.pdf","bazi/K3/四库存目 子平汇刊 5 穷通宝鉴评注 -- (清)徐乐吾注 -- 四库存目子平汇刊, 2015 -- 北京：华龄出版社 -- isbn13 9787516905128 -- 4f8bd8e25832d5ca180123fc079d9b88 -- Anna’s Archive.pdf",yes,yes,optional,K2+K3 priorisieren; K4 optional.
3,156,bazi,K3_deutung,queued,"子平精粹 2 秘授滴天髓阐微 -- (明)刘伯温著, Jing Tu yuan zhu, Liu Bowen zhu, Ren Tieqiao zhu, -- 2010, 2010 -- 北京：华龄出版社 -- isbn13 9787801787118 -- caed818f366d45975c5a8a5f368b485c.pdf","bazi/K3/子平精粹 2 秘授滴天髓阐微 -- (明)刘伯温著, Jing Tu yuan zhu, Liu Bowen zhu, Ren Tieqiao zhu, -- 2010, 2010 -- 北京：华龄出版社 -- isbn13 9787801787118 -- caed818f366d45975c5a8a5f368b485c.pdf",yes,yes,optional,K2+K3 priorisieren; K4 optional.
3,157,genekeys,K3_deutung,queued,"Human Design - Circuitry_ The complete guide to Circuits, -- Rudd, Richard -- 2022 -- Gene Keys Publishing -- c126c50a41204e7cbf8eec7ca6f60a45 -- Anna’s Archive.pdf","gene_keys/Human Design - Circuitry_ The complete guide to Circuits, -- Rudd, Richard -- 2022 -- Gene Keys Publishing -- c126c50a41204e7cbf8eec7ca6f60a45 -- Anna’s Archive.pdf",yes,yes,yes,Alle Paesse.
3,158,genekeys,K3_deutung,queued,"Human Design - The Revelation_ A guide to basic Concepts, -- Rudd, Richard -- 2021 -- Gene Keys Publishing -- 3c95e8121ecf7e508e7ae4f71957236d -- Anna’s Archive.pdf","gene_keys/Human Design - The Revelation_ A guide to basic Concepts, -- Rudd, Richard -- 2021 -- Gene Keys Publishing -- 3c95e8121ecf7e508e7ae4f71957236d -- Anna’s Archive.pdf",yes,yes,yes,Alle Paesse.
3,159,genekeys,K3_deutung,queued,Living your Design - A New Manual for Awakening -- Richard Rudd -- 3e3565cedfe005902836fbd6d612dee0 -- Anna’s Archive.pdf,gene_keys/Living your Design - A New Manual for Awakening -- Richard Rudd -- 3e3565cedfe005902836fbd6d612dee0 -- Anna’s Archive.pdf,yes,yes,yes,Alle Paesse.
3,160,genekeys,K3_deutung,queued,"Prosperity_ A guide to your Pearl Sequence (The Gene Keys -- Rudd, Richard -- The Gene Keys Golden Path Book 3, 2023 -- 2a71a0f8d99ba7bf7295ca2ba7c21336 -- Anna’s Archive.epub","gene_keys/Prosperity_ A guide to your Pearl Sequence (The Gene Keys -- Rudd, Richard -- The Gene Keys Golden Path Book 3, 2023 -- 2a71a0f8d99ba7bf7295ca2ba7c21336 -- Anna’s Archive.epub",yes,yes,yes,Alle Paesse.
3,161,genekeys,K3_deutung,queued,Seven sacred seals -- Richard rudd -- b1ea10c4398a475638113ee0146e025d -- Anna’s Archive.pdf,gene_keys/Seven sacred seals -- Richard rudd -- b1ea10c4398a475638113ee0146e025d -- Anna’s Archive.pdf,yes,yes,yes,Alle Paesse.
3,162,genekeys,K3_deutung,queued,THE HUMAN DESIGN SYSTEM - An A to D of You -- Richard Rudd -- 91a83be6fd080f416dd5b784ca783d2f -- Anna’s Archive.pdf,gene_keys/THE HUMAN DESIGN SYSTEM - An A to D of You -- Richard Rudd -- 91a83be6fd080f416dd5b784ca783d2f -- Anna’s Archive.pdf,yes,yes,yes,Alle Paesse.
3,163,genekeys,K3_deutung,queued,The Holy Incantation of Solace -- Richard Rudd -- 3f946dea0f9e623d3e5a638f5462fc32 -- Anna’s Archive.pdf,gene_keys/The Holy Incantation of Solace -- Richard Rudd -- 3f946dea0f9e623d3e5a638f5462fc32 -- Anna’s Archive.pdf,yes,yes,yes,Alle Paesse.
3,164,chakra,K3_deutung,queued,"Anatomy of the Spirit _ The Seven Stages of Power and -- Caroline Myss -- S_I, 2013 -- Crown Publishing Group -- isbn13 9780609800140 -- 18ea53aee64f9cfdb06fdd37ae055c90 -- Anna’s Archive.pdf","chakra/Anatomy of the Spirit _ The Seven Stages of Power and -- Caroline Myss -- S_I, 2013 -- Crown Publishing Group -- isbn13 9780609800140 -- 18ea53aee64f9cfdb06fdd37ae055c90 -- Anna’s Archive.pdf",yes,yes,optional,K2+K3 priorisieren; K4 optional.
3,165,chakra,K3_deutung,queued,"Chakras _ The Pathways To Success -- Judith, Anodea;Goodman, Lion -- 2014 -- JAICO PUBLISHING HOUSE -- isbn13 9788184956160 -- 99b16c78ad708449bc628c0daba75cda -- Anna’s Archive.pdf","chakra/Chakras _ The Pathways To Success -- Judith, Anodea;Goodman, Lion -- 2014 -- JAICO PUBLISHING HOUSE -- isbn13 9788184956160 -- 99b16c78ad708449bc628c0daba75cda -- Anna’s Archive.pdf",yes,yes,optional,K2+K3 priorisieren; K4 optional.
3,166,chakra,K3_deutung,queued,"Eastern Body, Western Mind _ Psychology and the Chakra -- Judith, Anodea -- 1st, 2011 -- Celestial Arts -- isbn13 9780307777935 -- abbf9f48e36fbf24b089dffc87e9dde1.pdf","chakra/Eastern Body, Western Mind _ Psychology and the Chakra -- Judith, Anodea -- 1st, 2011 -- Celestial Arts -- isbn13 9780307777935 -- abbf9f48e36fbf24b089dffc87e9dde1.pdf",yes,yes,optional,Tantra-Linie vs westliches Chakra unterscheiden.
3,167,chakra,K3_deutung,queued,Introduction To Tantra Sastra -- Sir John Woodroffe -- 1980 -- Ganesh & Company -- 7f32e197048bc674361d78613051bbcf -- Anna’s Archive.pdf,chakra/Introduction To Tantra Sastra -- Sir John Woodroffe -- 1980 -- Ganesh & Company -- 7f32e197048bc674361d78613051bbcf -- Anna’s Archive.pdf,yes,yes,optional,K2+K3 priorisieren; K4 optional.
3,168,chakra,K3_deutung,queued,"Mahanirvana tantra (tantra of the great liberation) -- Arthur Avalon; John Woodroffe -- June 30, 2004 -- Kessinger Publishing, LLC -- isbn13 9781419132070 -- 1bfaed3d694292f92969b4324abdb004 -- Anna’s Archive.pdf","chakra/Mahanirvana tantra (tantra of the great liberation) -- Arthur Avalon; John Woodroffe -- June 30, 2004 -- Kessinger Publishing, LLC -- isbn13 9781419132070 -- 1bfaed3d694292f92969b4324abdb004 -- Anna’s Archive.pdf",yes,yes,optional,K2+K3 priorisieren; K4 optional.
3,169,chakra,K3_deutung,queued,The Garland of Letters Studies In The Mantra-Sastra -- Sir John Woodroffe -- 1989 -- Ganesh and Company -- b5eb943fc6b641c23b4fa9db129f660f -- Anna’s Archive.pdf,chakra/The Garland of Letters Studies In The Mantra-Sastra -- Sir John Woodroffe -- 1989 -- Ganesh and Company -- b5eb943fc6b641c23b4fa9db129f660f -- Anna’s Archive.pdf,yes,yes,optional,K2+K3 priorisieren; K4 optional.
3,170,numerology,K3_deutung,queued,"Numerology the Complete Guide, Volume 2_ Advanced -- Matthew Oliver Goodwin -- 2, 1st, 2000 -- Newcastle Publishing Company, Incorporated -- isbn13 9780878770533 -- 7dfe4982e5476880fff70ef48f07ad59.pdf","numerology/Numerology the Complete Guide, Volume 2_ Advanced -- Matthew Oliver Goodwin -- 2, 1st, 2000 -- Newcastle Publishing Company, Incorporated -- isbn13 9780878770533 -- 7dfe4982e5476880fff70ef48f07ad59.pdf",yes,yes,optional,Numerologie: K3-Kern.
3,171,numerology,K3_deutung,queued,"Numerology the romance in your name (a standard work) -- Jordan, Juno -- New Ed edition, 1978 -- Marina del Rey, Calif_ _ DeVorss -- isbn13 9780875162270 -- 4b1f613a704038e784017f7efdd16ce8.pdf","numerology/Numerology the romance in your name (a standard work) -- Jordan, Juno -- New Ed edition, 1978 -- Marina del Rey, Calif_ _ DeVorss -- isbn13 9780875162270 -- 4b1f613a704038e784017f7efdd16ce8.pdf",yes,yes,optional,Numerologie: K3-Kern.
3,172,numerology,K3_deutung,queued,"Numerology, A complete guide to understanding___ (2002) -- Decoz, Has & Monte, Tom -- 1st Perigee ed_, New York, NY, New York State, 2002 -- Avery -- isbn13 9780399527326 -- d426ca877b76d6c2969784079d2eb541.pdf","numerology/Numerology, A complete guide to understanding___ (2002) -- Decoz, Has & Monte, Tom -- 1st Perigee ed_, New York, NY, New York State, 2002 -- Avery -- isbn13 9780399527326 -- d426ca877b76d6c2969784079d2eb541.pdf",yes,yes,optional,Numerologie: K3-Kern.
3,173,numerology,K3_deutung,queued,"Numerology_ The Complete Guide _ Volume 1_ The Personality -- Matthew Oliver Goodwin -- 1988 -- Newcastle Publishing Company, Incorporated -- isbn13 9780878770533 -- 091e0679c64ed5cd0cb3c3b27fe0de53.pdf","numerology/Numerology_ The Complete Guide _ Volume 1_ The Personality -- Matthew Oliver Goodwin -- 1988 -- Newcastle Publishing Company, Incorporated -- isbn13 9780878770533 -- 091e0679c64ed5cd0cb3c3b27fe0de53.pdf",yes,yes,optional,Numerologie: K3-Kern.
3,174,mayan_tzolkin,K3_deutung,queued,"Earth ascending _ an illustrated treatise on the law -- Argüelles, José, 1939-2011 -- 1st ed_, Boulder, Colo, [New York, N_Y_], Colorado, 1984 -- isbn13 9780394723303 -- e4f98258ccab721724fa8a38360961f3.pdf","mayan_tzolkin/Earth ascending _ an illustrated treatise on the law -- Argüelles, José, 1939-2011 -- 1st ed_, Boulder, Colo, [New York, N_Y_], Colorado, 1984 -- isbn13 9780394723303 -- e4f98258ccab721724fa8a38360961f3.pdf",yes,yes,optional,Mayan/Tzolkin: K2/K3 priorisieren.
3,175,mayan_tzolkin,K3_deutung,queued,Galactic Alignment -- John Major Jenkins -- isbn13 9781591438106 -- 4b9a718c22b08ee20723d0ce44a5a21e.pdf,mayan_tzolkin/Galactic Alignment -- John Major Jenkins -- isbn13 9781591438106 -- 4b9a718c22b08ee20723d0ce44a5a21e.pdf,yes,yes,optional,Mayan/Tzolkin: K2/K3 priorisieren.
3,176,mayan_tzolkin,K3_deutung,queued,"The Mayan Factor _ Path Beyond Technology -- José Argüelles -- Simon & Schuster, [N_p_], 1987 -- Bear & Company -- isbn13 9780939680382 -- d85ec9c1bb3280ec01e738749381ecaf.pdf","mayan_tzolkin/The Mayan Factor _ Path Beyond Technology -- José Argüelles -- Simon & Schuster, [N_p_], 1987 -- Bear & Company -- isbn13 9780939680382 -- d85ec9c1bb3280ec01e738749381ecaf.pdf",yes,yes,optional,Mayan/Tzolkin: K2/K3 priorisieren.
3,177,nine_star_ki,K3_deutung,queued,"The complete guide to nine star ki _ a timeless system -- Bob Sachs; [foreword by Michio Kushi and Ed Esko] -- Shaftesbury, Dorset, Rockport, Mass, -- isbn13 9781852303341 -- 65da1dbfffb01a389872ed010a099bbe.pdf","nine_star/The complete guide to nine star ki _ a timeless system -- Bob Sachs; [foreword by Michio Kushi and Ed Esko] -- Shaftesbury, Dorset, Rockport, Mass, -- isbn13 9781852303341 -- 65da1dbfffb01a389872ed010a099bbe.pdf",optional,yes,optional,
4,178,bazi,K4_deutung,queued,"BaZi Essentials - The Ten Day Masters - Bing (Yang Fire) -- Joey Yap -- BaZi Essentials, 1st, 2009 -- JY Books Sdn_ Bhd_ -- cd8672ce46620ffec72b2d895b71c3e2 -- Anna’s Archive.pdf","bazi/klassisch/K4/BaZi Essentials - The Ten Day Masters - Bing (Yang Fire) -- Joey Yap -- BaZi Essentials, 1st, 2009 -- JY Books Sdn_ Bhd_ -- cd8672ce46620ffec72b2d895b71c3e2 -- Anna’s Archive.pdf",yes,yes,optional,K2+K3 priorisieren; K4 optional.
4,179,bazi,K4_deutung,queued,"BaZi Essentials - The Ten Day Masters - Ding (Yin Fire) -- Joey Yap -- BaZi Essentials, 1st, 2009 -- JY Books Sdn_ Bhd_ -- a6d88b587a70d968b2ce3fa05ffa1366 -- Anna’s Archive.pdf","bazi/klassisch/K4/BaZi Essentials - The Ten Day Masters - Ding (Yin Fire) -- Joey Yap -- BaZi Essentials, 1st, 2009 -- JY Books Sdn_ Bhd_ -- a6d88b587a70d968b2ce3fa05ffa1366 -- Anna’s Archive.pdf",yes,yes,optional,K2+K3 priorisieren; K4 optional.
4,180,bazi,K4_deutung,queued,"BaZi Essentials - The Ten Day Masters - Geng (Yang Metal) -- Joey Yap -- BaZi Essentials, 1st, 2009 -- JY Books Sdn_ Bhd_ -- 81970458e683c785171eb93326a97dfc -- Anna’s Archive.pdf","bazi/klassisch/K4/BaZi Essentials - The Ten Day Masters - Geng (Yang Metal) -- Joey Yap -- BaZi Essentials, 1st, 2009 -- JY Books Sdn_ Bhd_ -- 81970458e683c785171eb93326a97dfc -- Anna’s Archive.pdf",yes,yes,optional,K2+K3 priorisieren; K4 optional.
4,181,bazi,K4_deutung,queued,"BaZi Essentials - The Ten Day Masters - Gui (Yin Water) -- Joey Yap -- BaZi Essentials, 1st, 2009 -- JY Books Sdn_ Bhd_ -- 5cbd41ee8e2661a8153e57391d46c965 -- Anna’s Archive.pdf","bazi/klassisch/K4/BaZi Essentials - The Ten Day Masters - Gui (Yin Water) -- Joey Yap -- BaZi Essentials, 1st, 2009 -- JY Books Sdn_ Bhd_ -- 5cbd41ee8e2661a8153e57391d46c965 -- Anna’s Archive.pdf",yes,yes,optional,K2+K3 priorisieren; K4 optional.
4,182,bazi,K4_deutung,queued,"BaZi Essentials - The Ten Day Masters - Jia (Yang Wood) -- Joey Yap -- BaZi Essentials, 1st, 2009 -- JY Books Sdn_ Bhd_ -- 8f69811f6726c574f8c23aa2554fe02f -- Anna’s Archive.pdf","bazi/klassisch/K4/BaZi Essentials - The Ten Day Masters - Jia (Yang Wood) -- Joey Yap -- BaZi Essentials, 1st, 2009 -- JY Books Sdn_ Bhd_ -- 8f69811f6726c574f8c23aa2554fe02f -- Anna’s Archive.pdf",yes,yes,optional,K2+K3 priorisieren; K4 optional.
4,183,bazi,K4_deutung,queued,"BaZi Essentials - The Ten Day Masters - Ren (Yang Water) -- Joey Yap -- BaZi Essentials, 1st, 2009 -- JY Books Sdn_ Bhd_ -- 69c75b12470323cee72c093dd180126d -- Anna’s Archive.pdf","bazi/klassisch/K4/BaZi Essentials - The Ten Day Masters - Ren (Yang Water) -- Joey Yap -- BaZi Essentials, 1st, 2009 -- JY Books Sdn_ Bhd_ -- 69c75b12470323cee72c093dd180126d -- Anna’s Archive.pdf",yes,yes,optional,K2+K3 priorisieren; K4 optional.
4,184,bazi,K4_deutung,queued,"BaZi Essentials - The Ten Day Masters - Wu (Yang Earth) -- Joey Yap -- BaZi Essentials, 1st, 2009 -- JY Books Sdn_ Bhd_ -- c85f43ea9d3faa91186aadda9a63b9df -- Anna’s Archive.pdf","bazi/klassisch/K4/BaZi Essentials - The Ten Day Masters - Wu (Yang Earth) -- Joey Yap -- BaZi Essentials, 1st, 2009 -- JY Books Sdn_ Bhd_ -- c85f43ea9d3faa91186aadda9a63b9df -- Anna’s Archive.pdf",yes,yes,optional,K2+K3 priorisieren; K4 optional.
4,185,bazi,K4_deutung,queued,"BaZi Essentials - The Ten Day Masters - Xin (Yin Metal) -- Joey Yap -- BaZi Essentials, 1st, 2009 -- JY Books Sdn_ Bhd_ -- 5203332f3bd42d574cda0aab4b7289b6 -- Anna’s Archive.pdf","bazi/klassisch/K4/BaZi Essentials - The Ten Day Masters - Xin (Yin Metal) -- Joey Yap -- BaZi Essentials, 1st, 2009 -- JY Books Sdn_ Bhd_ -- 5203332f3bd42d574cda0aab4b7289b6 -- Anna’s Archive.pdf",yes,yes,optional,K2+K3 priorisieren; K4 optional.
4,186,bazi,K4_deutung,queued,"BaZi Essentials - The Ten Day Masters - Yi (Yin Wood) -- Joey Yap -- BaZi Essentials, 1st, 2009 -- JY Books Sdn_ Bhd_ -- b43ef9cba617e134725ea779be855b77 -- Anna’s Archive.pdf","bazi/klassisch/K4/BaZi Essentials - The Ten Day Masters - Yi (Yin Wood) -- Joey Yap -- BaZi Essentials, 1st, 2009 -- JY Books Sdn_ Bhd_ -- b43ef9cba617e134725ea779be855b77 -- Anna’s Archive.pdf",yes,yes,optional,K2+K3 priorisieren; K4 optional.
4,187,bazi,K4_deutung,queued,"Bazi Essentials - The Ten Day Masters - Ji (Yin Earth) -- Joey Yap -- BaZi Essentials, 1st, 2009 -- JY Books Sdn_ Bhd_ -- 01fd08ad3c8ae571bc864be8078e9020 -- Anna’s Archive.pdf","bazi/klassisch/K4/Bazi Essentials - The Ten Day Masters - Ji (Yin Earth) -- Joey Yap -- BaZi Essentials, 1st, 2009 -- JY Books Sdn_ Bhd_ -- 01fd08ad3c8ae571bc864be8078e9020 -- Anna’s Archive.pdf",yes,yes,optional,K2+K3 priorisieren; K4 optional.
4,188,bazi,K4_deutung,queued,The BaZi 60 Pillars Life Analysis Method - Wu Earth -- Joey Yap -- 2013 -- e1171a1bc63eac9bf5ac9a462fdb861d -- Anna’s Archive.pdf,bazi/klassisch/K4/The BaZi 60 Pillars Life Analysis Method - Wu Earth -- Joey Yap -- 2013 -- e1171a1bc63eac9bf5ac9a462fdb861d -- Anna’s Archive.pdf,yes,yes,optional,K2+K3 priorisieren; K4 optional.
4,189,bazi,K4_deutung,queued,The Bazi 60 Pillars - BING Fire -- Joey Yap -- 2018 -- JY Productions Sdn Bhd -- b3d035c1aa6a6d7b803bae802739dd97 -- Anna’s Archive.azw3,bazi/klassisch/K4/The Bazi 60 Pillars - BING Fire -- Joey Yap -- 2018 -- JY Productions Sdn Bhd -- b3d035c1aa6a6d7b803bae802739dd97 -- Anna’s Archive.azw3,yes,yes,optional,K2+K3 priorisieren; K4 optional.
4,190,bazi,K4_deutung,queued,The Bazi 60 Pillars - Ding_ The Life Analysis Method -- Joey Yap -- 2016 -- JY Productions Sdn Bhd -- b73f785a07189ec8644bd7e9ec86c602 -- Anna’s Archive.pdf,bazi/klassisch/K4/The Bazi 60 Pillars - Ding_ The Life Analysis Method -- Joey Yap -- 2016 -- JY Productions Sdn Bhd -- b73f785a07189ec8644bd7e9ec86c602 -- Anna’s Archive.pdf,yes,yes,optional,K2+K3 priorisieren; K4 optional.
4,191,bazi,K4_deutung,queued,"The Bazi 60 Pillars - JI Earth -- Yap, Joey -- 2018 -- Joey Yap Research Group -- 17f3eed7ae47327b3c44b3361a5f6f33 -- Anna’s Archive(1).epub","bazi/klassisch/K4/The Bazi 60 Pillars - JI Earth -- Yap, Joey -- 2018 -- Joey Yap Research Group -- 17f3eed7ae47327b3c44b3361a5f6f33 -- Anna’s Archive(1).epub",yes,yes,optional,K2+K3 priorisieren; K4 optional.
4,192,bazi,K4_deutung,queued,"The Bazi 60 Pillars - JI Earth -- Yap, Joey -- 2018 -- Joey Yap Research Group -- 17f3eed7ae47327b3c44b3361a5f6f33 -- Anna’s Archive.epub","bazi/klassisch/K4/The Bazi 60 Pillars - JI Earth -- Yap, Joey -- 2018 -- Joey Yap Research Group -- 17f3eed7ae47327b3c44b3361a5f6f33 -- Anna’s Archive.epub",yes,yes,optional,K2+K3 priorisieren; K4 optional.
4,193,bazi,K4_deutung,queued,The Bazi 60 Pillars - JIA Wood_ The Life Analysis Method -- Joey Yap -- 2018 -- JY Productions Sdn Bhd -- 866fc99a984ae8c0d098670b0f3b11ff -- Anna’s Archive.azw3,bazi/klassisch/K4/The Bazi 60 Pillars - JIA Wood_ The Life Analysis Method -- Joey Yap -- 2018 -- JY Productions Sdn Bhd -- 866fc99a984ae8c0d098670b0f3b11ff -- Anna’s Archive.azw3,yes,yes,optional,K2+K3 priorisieren; K4 optional.
4,194,bazi,K4_deutung,queued,The Bazi 60 Pillars - REN Water -- Joey Yap -- 2018 -- Joey Yap Research Group -- da050c3cad2161c3f2140321ac1ee43d -- Anna’s Archive.pdf,bazi/klassisch/K4/The Bazi 60 Pillars - REN Water -- Joey Yap -- 2018 -- Joey Yap Research Group -- da050c3cad2161c3f2140321ac1ee43d -- Anna’s Archive.pdf,yes,yes,optional,K2+K3 priorisieren; K4 optional.
4,195,bazi,K4_deutung,queued,The Bazi 60 Pillars - Yi_ The Life Analysis Method Revealed -- Joey Yap -- 2016 -- JY Productions Sdn Bhd -- 5f493a40c5e31ccf785661d1d4704899 -- Anna’s Archive.pdf,bazi/klassisch/K4/The Bazi 60 Pillars - Yi_ The Life Analysis Method Revealed -- Joey Yap -- 2016 -- JY Productions Sdn Bhd -- 5f493a40c5e31ccf785661d1d4704899 -- Anna’s Archive.pdf,yes,yes,optional,K2+K3 priorisieren; K4 optional.
4,196,bazi,K4_deutung,queued,"The Bazi 60 Pillars Life Analysis Method_ Zin Metal -- Joey Yap -- 1, 2013 -- JY Books; JY Productions Sdn Bhd -- isbn13 9789670310817 -- 834984fb3f3ba64f1a2157221d9d2ed0 -- Anna’s Archive.pdf","bazi/klassisch/K4/The Bazi 60 Pillars Life Analysis Method_ Zin Metal -- Joey Yap -- 1, 2013 -- JY Books; JY Productions Sdn Bhd -- isbn13 9789670310817 -- 834984fb3f3ba64f1a2157221d9d2ed0 -- Anna’s Archive.pdf",yes,yes,optional,K2+K3 priorisieren; K4 optional.
4,197,astro,K4_deutung,queued,Tetrabiblos -- Peter J_ Clark -- 2006 -- f09efdc39fdca373cf532497824924b2 -- Anna’s Archive.pdf,astro/K4/Tetrabiblos -- Peter J_ Clark -- 2006 -- f09efdc39fdca373cf532497824924b2 -- Anna’s Archive.pdf,yes,yes,optional,K2+K3 priorisieren; K4 optional.
4,198,enneagram,K4_deutung,queued,Claudio Naranjo -- Character and Neurosis -- isbn13 9780895560667 -- 3e80249a7244f7ecaab163479db0b73f.pdf,enneagram/Claudio Naranjo -- Character and Neurosis -- isbn13 9780895560667 -- 3e80249a7244f7ecaab163479db0b73f.pdf,optional,yes,yes,Enneagram: K4-Pass (Typen/Neurose).
4,199,enneagram,K4_deutung,queued,"Ennea-type Structures_ Self-Analysis for the Seeker -- Claudio Naranjo, M_D_ -- Nevada City, CA, California, 1990 -- Gateways Books & Tapes,us -- isbn13 9780895560636 -- a778d15532e0d68d62dc25133abd1319.pdf","enneagram/Ennea-type Structures_ Self-Analysis for the Seeker -- Claudio Naranjo, M_D_ -- Nevada City, CA, California, 1990 -- Gateways Books & Tapes,us -- isbn13 9780895560636 -- a778d15532e0d68d62dc25133abd1319.pdf",optional,yes,yes,Enneagram: K4-Pass (Typen/Neurose).
4,200,enneagram,K4_deutung,queued,"Facets of unity _ the enneagram of holy ideas -- Almaas, A_ H_ -- Berkeley, Calif, California, 1998 -- Berkeley, Calif_ _ Diamond Books -- isbn13 9780834824034 -- fed4d4b907103c58281e6347eebdd4f7.pdf","enneagram/Facets of unity _ the enneagram of holy ideas -- Almaas, A_ H_ -- Berkeley, Calif, California, 1998 -- Berkeley, Calif_ _ Diamond Books -- isbn13 9780834824034 -- fed4d4b907103c58281e6347eebdd4f7.pdf",optional,yes,yes,Enneagram: K4-Pass (Typen/Neurose).
4,201,enneagram,K4_deutung,queued,"Personality types _ using the enneagram for self-discovery -- Riso, Don Richard, Hudson, Russ -- Rev_ ed_, Boston, Massachusetts, 1996 -- Boston _ -- isbn13 9780395405758 -- 27d0f6b7f58ec9ab0fb90a24fdad6542.pdf","enneagram/Personality types _ using the enneagram for self-discovery -- Riso, Don Richard, Hudson, Russ -- Rev_ ed_, Boston, Massachusetts, 1996 -- Boston _ -- isbn13 9780395405758 -- 27d0f6b7f58ec9ab0fb90a24fdad6542.pdf",optional,yes,yes,Enneagram: K4-Pass (Typen/Neurose).
4,202,enneagram,K4_deutung,queued,The Complete Enneagram_ 27 Paths to Greater Self-Knowledge -- Beatrice Chestnut -- 2013 -- She Writes Press -- 0c7a202590a432975d197d33627cf265.pdf,enneagram/The Complete Enneagram_ 27 Paths to Greater Self-Knowledge -- Beatrice Chestnut -- 2013 -- She Writes Press -- 0c7a202590a432975d197d33627cf265.pdf,optional,yes,yes,Enneagram: K4-Pass (Typen/Neurose).
4,203,enneagram,K4_deutung,queued,"The enneagram _ understanding yourself and the others in -- Palmer, Helen -- 1988 -- [San Francisco] _ HarperSanFrancisco -- isbn13 9780062122957 -- ad7329b444b84691f66591945c49198e.pdf","enneagram/The enneagram _ understanding yourself and the others in -- Palmer, Helen -- 1988 -- [San Francisco] _ HarperSanFrancisco -- isbn13 9780062122957 -- ad7329b444b84691f66591945c49198e.pdf",optional,yes,yes,Enneagram: K4-Pass (Typen/Neurose).
