"filename","relative_path","system_id","status","pass_k2_struct","pass_k3_rules","pass_k4_meanings","pass_notes"
"2022 Quantum Human Design Evolution Guide_ Using Solar -- Karen Curry Parker -- 2022 -- Human Design Press -- 02c07d826099b19160f39bfbc93e4b7b -- Anna’s Archive.pdf","andere/2022 Quantum Human Design Evolution Guide_ Using Solar -- Karen Curry Parker -- 2022 -- Human Design Press -- 02c07d826099b19160f39bfbc93e4b7b -- Anna’s Archive.pdf","hd","ok","optional","yes","yes","Nicht-Ra: K3/K4 priorisieren."
"Abundance by Design -- Karen Curry Parker -- 2016 -- GracePoint Matrix, LLC -- 7d15b7564a6b0884606cf125f9b2d80b -- Anna’s Archive.pdf","andere/Abundance by Design -- Karen Curry Parker -- 2016 -- GracePoint Matrix, LLC -- 7d15b7564a6b0884606cf125f9b2d80b -- Anna’s Archive.pdf","hd","ok","optional","yes","yes","Nicht-Ra: K3/K4 priorisieren."
"BaanTu_ The Key to Your Nature and Life 1 -- Steve Rhodes -- The Human Design Trilogy, 1, 3, 2015 -- RME Publishing -- 5692198d2741d2298007eec1b5278850 -- Anna’s Archive.pdf","andere/BaanTu_ The Key to Your Nature and Life 1 -- Steve Rhodes -- The Human Design Trilogy, 1, 3, 2015 -- RME Publishing -- 5692198d2741d2298007eec1b5278850 -- Anna’s Archive.pdf","hd","ok","optional","yes","yes","Nicht-Ra: K3/K4 priorisieren."
"How Do You Choose_ -- Erin Claire Jones -- 2025 -- HarperCollins -- 7db4160418580ac8fd422e29bdd3142d -- Anna’s Archive.epub","andere/How Do You Choose_ -- Erin Claire Jones -- 2025 -- HarperCollins -- 7db4160418580ac8fd422e29bdd3142d -- Anna’s Archive.epub","unclassified","manuell_pruefen","manual_first","manual_first","manual_first","Manuell pruefen vor Extraktion."
"Human Design Made Simple_ Unlock Your Strengths and Discover -- Emma Dunwoody -- 2025 -- Penguin Publishing Group -- d6aa37ca4a12ffeb0febf87186efa0bb -- Anna’s Archive.epub","andere/Human Design Made Simple_ Unlock Your Strengths and Discover -- Emma Dunwoody -- 2025 -- Penguin Publishing Group -- d6aa37ca4a12ffeb0febf87186efa0bb -- Anna’s Archive.epub","hd","ok","optional","yes","yes","Nicht-Ra: K3/K4 priorisieren."
"Human Design System - The Centres -- Peter Schoeber -- 2014 -- Human Design Services -- 87fa16d779ca4813d97e4cd989917b78 -- Anna’s Archive.pdf","andere/Human Design System - The Centres -- Peter Schoeber -- 2014 -- Human Design Services -- 87fa16d779ca4813d97e4cd989917b78 -- Anna’s Archive.pdf","hd","ok","optional","yes","yes","Nicht-Ra: K3/K4 priorisieren."
"Human design _ how to read a graph -- Steve Rhodes -- The Human Design Trilogy, 1, 2015 -- Bhan Tugh Publishing -- isbn13 9781517749897 -- 64514fef20c1a7a6536f77126f3e93c9 -- Anna’s Archive.pdf","andere/Human design _ how to read a graph -- Steve Rhodes -- The Human Design Trilogy, 1, 2015 -- Bhan Tugh Publishing -- isbn13 9781517749897 -- 64514fef20c1a7a6536f77126f3e93c9 -- Anna’s Archive.pdf","hd","ok","optional","yes","yes","Nicht-Ra: K3/K4 priorisieren."
"Intro to Human Design System -- Karen Curry Parker -- 2019 -- 67a612e0cf6aa5326a738b4ae00a94f3 -- Anna’s Archive.pdf","andere/Intro to Human Design System -- Karen Curry Parker -- 2019 -- 67a612e0cf6aa5326a738b4ae00a94f3 -- Anna’s Archive.pdf","hd","ok","optional","yes","yes","Nicht-Ra: K3/K4 priorisieren."
"Quantum Activation Cards Companion Guidebook -- Karen Curry Parker -- 2021 -- Human Design Press -- 917d6c150b197216c43057f65515b7f2 -- Anna’s Archive.pdf","andere/Quantum Activation Cards Companion Guidebook -- Karen Curry Parker -- 2021 -- Human Design Press -- 917d6c150b197216c43057f65515b7f2 -- Anna’s Archive.pdf","hd","ok","optional","yes","yes","Nicht-Ra: K3/K4 priorisieren."
"Quantum Wellness -- Karen Curry Parker -- 2025 -- Human Design Press -- isbn13 9781961347830 -- 20ae81afcd903055a4ab48b6f81f39e3 -- Anna’s Archive.epub","andere/Quantum Wellness -- Karen Curry Parker -- 2025 -- Human Design Press -- isbn13 9781961347830 -- 20ae81afcd903055a4ab48b6f81f39e3 -- Anna’s Archive.epub","hd","ok","optional","yes","yes","Nicht-Ra: K3/K4 priorisieren."
"The Encyclopedia of Quantum Human Design -- Karen Curry Parker -- 4444078c55df635c975f0226d7f31de3 -- Anna’s Archive.pdf","andere/The Encyclopedia of Quantum Human Design -- Karen Curry Parker -- 4444078c55df635c975f0226d7f31de3 -- Anna’s Archive.pdf","hd","ok","optional","yes","yes","Nicht-Ra: K3/K4 priorisieren."
"The Quantum Human -- Karen Curry Parker -- 2021 -- Human Design Press -- fc6bf768a95fdbeb3e45b8c42901a824 -- Anna’s Archive.pdf","andere/The Quantum Human -- Karen Curry Parker -- 2021 -- Human Design Press -- fc6bf768a95fdbeb3e45b8c42901a824 -- Anna’s Archive.pdf","hd","ok","optional","yes","yes","Nicht-Ra: K3/K4 priorisieren."
"Understanding Human Design _ The New Science of Astrology_ -- Karen Curry Parker -- Red Wheel_Weiser, LLC, [San Antonio, TX], 2013 -- Hierophant -- isbn13 9781461937036 -- 5675858164d1a9e48fe49f68430fef62 -- Anna’s Arch.epub","andere/Understanding Human Design _ The New Science of Astrology_ -- Karen Curry Parker -- Red Wheel_Weiser, LLC, [San Antonio, TX], 2013 -- Hierophant -- isbn13 9781461937036 -- 5675858164d1a9e48fe49f68430fef62 -- Anna’s Arch.epub","hd","ok","optional","yes","yes","Nicht-Ra: K3/K4 priorisieren."
"Understanding the Centers in Human Design_ The Facilitator's -- Robin Winn -- 2021 -- Difference Press -- a6cfe81a6b3b46e91737d7a7580d7179 -- Anna’s Archive.pdf","andere/Understanding the Centers in Human Design_ The Facilitator's -- Robin Winn -- 2021 -- Difference Press -- a6cfe81a6b3b46e91737d7a7580d7179 -- Anna’s Archive.pdf","hd","ok","optional","yes","yes","Nicht-Ra: K3/K4 priorisieren."
"Understanding the profiles in human design 3 3 -- Robin Winn MFT -- 3, 2022 -- Independently Published -- isbn13 9788443150797 -- b55f87117500f0f1992c87a3b6f9517e -- Anna’s Archive.pdf","andere/Understanding the profiles in human design 3 3 -- Robin Winn MFT -- 3, 2022 -- Independently Published -- isbn13 9788443150797 -- b55f87117500f0f1992c87a3b6f9517e -- Anna’s Archive.pdf","hd","ok","optional","yes","yes","Nicht-Ra: K3/K4 priorisieren."
"Understanding Your Clients through Human Design_ The -- Robin Winn -- Washington, DC, 2020 -- Difference Press -- isbn13 9781683092742 -- b4ac5db984c548915998fd96f39f8e27 -- Anna’s Archive.pdf","andere/Understanding Your Clients through Human Design_ The -- Robin Winn -- Washington, DC, 2020 -- Difference Press -- isbn13 9781683092742 -- b4ac5db984c548915998fd96f39f8e27 -- Anna’s Archive.pdf","hd","ok","optional","yes","yes","Nicht-Ra: K3/K4 priorisieren."
"Weiser -- isbn13 9781950253296 -- d49bb8e3d9789def3039c9ab5426dd5b -- Anna’s Archive.pdf","andere/Weiser -- isbn13 9781950253296 -- d49bb8e3d9789def3039c9ab5426dd5b -- Anna’s Archive.pdf","unclassified","manuell_pruefen","manual_first","manual_first","manual_first","Manuell pruefen vor Extraktion."
"I Ching, The Oracle of the Cosmic Way -- Moog, Hanna & Anthony, Carol K_ -- 2011 -- ICHINGBOOKS -- 812546694fbc51e0c7103c41c0929d4b -- Anna’s Archive.epub","archiv/I Ching, The Oracle of the Cosmic Way -- Moog, Hanna & Anthony, Carol K_ -- 2011 -- ICHINGBOOKS -- 812546694fbc51e0c7103c41c0929d4b -- Anna’s Archive.epub","i_ching","ok","optional","yes","yes","Moog/Anthony I-Ching-Bruecke."
"The Complete Rave I'Ching -- Hu, Ra Uru -- US, 2011 -- CreateSpace Independent Publishing Platform -- isbn13 9781463639457 -- 6d435cc45d582500d99b71f9c2811951 -- Anna’s Archive.pdf","archiv/The Complete Rave I'Ching -- Hu, Ra Uru -- US, 2011 -- CreateSpace Independent Publishing Platform -- isbn13 9781463639457 -- 6d435cc45d582500d99b71f9c2811951 -- Anna’s Archive.pdf","hd","ok","yes","yes","yes","Ra-Linie: drei Paesse."
"The Complete Rave I’Ching ( human design) -- Ra Uru Hu -- 262ddb6c289dfc294a497b40c7c37225 -- Anna’s Archive.pdf","archiv/The Complete Rave I’Ching ( human design) -- Ra Uru Hu -- 262ddb6c289dfc294a497b40c7c37225 -- Anna’s Archive.pdf","hd","ok","yes","yes","yes","Ra-Linie: drei Paesse."
"The Life Force _ the Channels, an investigation for -- Ra Uru Hu -- c0595584888bbacf1507c36c743b3d88 -- Anna’s Archive.epub","archiv/The Life Force _ the Channels, an investigation for -- Ra Uru Hu -- c0595584888bbacf1507c36c743b3d88 -- Anna’s Archive.epub","hd","ok","yes","yes","yes","Ra-Linie: drei Paesse."
"Christian-Astrology-II -- William-Lilly -- c43f8b598f78793682c90fca57a90dca -- Anna’s Archive.pdf","astro/Christian-Astrology-II -- William-Lilly -- c43f8b598f78793682c90fca57a90dca -- Anna’s Archive.pdf","astro","ok","yes","yes","optional","K2+K3 priorisieren; K4 optional."
"Dorotheus, Orpheus, Anubio & Pseudo-Valens_ Teachings on -- Dorotheus, Orpheus, Anubio & Pseudo-Valens, Robert Hand -- 1995 -- 2034771d5968de8d5a332bb062c9be3a -- Anna’s Archive.pdf","astro/Dorotheus, Orpheus, Anubio & Pseudo-Valens_ Teachings on -- Dorotheus, Orpheus, Anubio & Pseudo-Valens, Robert Hand -- 1995 -- 2034771d5968de8d5a332bb062c9be3a -- Anna’s Archive.pdf","astro","ok","yes","yes","optional","K2+K3 priorisieren; K4 optional."
"Planets in Transit_ Life Cycles for Living (The Planet -- Hand, Robert -- 9th print, Rockport, Mass, 1983 -- Para Research -- isbn13 9780914918042 -- 5bfb5d4044ddef736d68344250d12fd4 -- Anna’s Archive.pdf","astro/Planets in Transit_ Life Cycles for Living (The Planet -- Hand, Robert -- 9th print, Rockport, Mass, 1983 -- Para Research -- isbn13 9780914918042 -- 5bfb5d4044ddef736d68344250d12fd4 -- Anna’s Archive.pdf","astro","ok","yes","yes","optional","K2+K3 priorisieren; K4 optional."
"The astrology of personality _ a re-formulation of -- Dane Rudhyar -- 1987-12-01 -- Aurora Press, Incorporated -- isbn13 9780943358253 -- 435f03bc08534740b085616654b6a88f -- Anna’s Archive.pdf","astro/The astrology of personality _ a re-formulation of -- Dane Rudhyar -- 1987-12-01 -- Aurora Press, Incorporated -- isbn13 9780943358253 -- 435f03bc08534740b085616654b6a88f -- Anna’s Archive.pdf","astro","ok","yes","yes","optional","K2+K3 priorisieren; K4 optional."
"Claudius Ptolemy - Tetrabiblos, Book I__text - Greek Track -- Claudius Ptolemy, Robert Schmidt, Robert Hand -- Greek Track, 5, 1994 -- Golden Hind -- 4b90a3c04e568adeec9e6fc654355b57 -- Anna’s Archive.pdf","astro/K2/Claudius Ptolemy - Tetrabiblos, Book I__text - Greek Track -- Claudius Ptolemy, Robert Schmidt, Robert Hand -- Greek Track, 5, 1994 -- Golden Hind -- 4b90a3c04e568adeec9e6fc654355b57 -- Anna’s Archive.pdf","astro","ok","yes","yes","optional","K2+K3 priorisieren; K4 optional."
"Tetrabiblos -- Peter J_ Clark -- 2006 -- f09efdc39fdca373cf532497824924b2 -- Anna’s Archive.pdf","astro/K4/Tetrabiblos -- Peter J_ Clark -- 2006 -- f09efdc39fdca373cf532497824924b2 -- Anna’s Archive.pdf","astro","ok","yes","yes","optional","K2+K3 priorisieren; K4 optional."
"BaZi - Bazi - The Destiny Code COMBINED Book 1 and Book 2 - -- Joey Yap -- 2nd Edition edition, February 1, 2005 -- Joey Yap Research Group -- isbn13 9789833332014 -- 58c78ecd41275b1fb96c60f0948ad251 -- Anna’s Archive.pdf","bazi/K2+K3/BaZi - Bazi - The Destiny Code COMBINED Book 1 and Book 2 - -- Joey Yap -- 2nd Edition edition, February 1, 2005 -- Joey Yap Research Group -- isbn13 9789833332014 -- 58c78ecd41275b1fb96c60f0948ad251 -- Anna’s Archive.pdf","bazi","ok","yes","yes","optional","K2+K3 priorisieren; K4 optional."
"三命通会 上 -- (明)万明英撰;陈明释 -- 2008 -- 北京_中医古籍出版社 -- isbn13 9787801746634 -- 5793f92af01976a8bd9a6c85a6a3e0e2 -- Anna’s Archive.pdf","bazi/K2+K3/三命通会 上 -- (明)万明英撰;陈明释 -- 2008 -- 北京_中医古籍出版社 -- isbn13 9787801746634 -- 5793f92af01976a8bd9a6c85a6a3e0e2 -- Anna’s Archive.pdf","bazi","ok","yes","yes","optional","K2+K3 priorisieren; K4 optional."
"三命通会 下 -- （明）万明英撰；陈明释 -- 2008 -- 北京_中医古籍出版社 -- isbn13 9787801746634 -- 2d19933bc416e28fc2e073f91ee6035b -- Anna’s Archive.pdf","bazi/K2+K3/三命通会 下 -- （明）万明英撰；陈明释 -- 2008 -- 北京_中医古籍出版社 -- isbn13 9787801746634 -- 2d19933bc416e28fc2e073f91ee6035b -- Anna’s Archive.pdf","bazi","ok","yes","yes","optional","K2+K3 priorisieren; K4 optional."
"四库存目子平汇刊 1 渊海子平大全 -- 郑同编撰整理, (宋)徐子平撰 , 郑同编, 徐子平, 郑同, [ Song ] Xu Zi Ping, 徐子平, -- 2014, 2014 -- 北京_华龄出版社 -- isbn13 9787516904473 -- 0b74d33ad404cb5051f7ac4a2323f9.pdf","bazi/K2+K3/四库存目子平汇刊 1 渊海子平大全 -- 郑同编撰整理, (宋)徐子平撰 , 郑同编, 徐子平, 郑同, [ Song ] Xu Zi Ping, 徐子平, -- 2014, 2014 -- 北京_华龄出版社 -- isbn13 9787516904473 -- 0b74d33ad404cb5051f7ac4a2323f9.pdf","bazi","ok","yes","yes","optional","K2+K3 priorisieren; K4 optional."
"The Power of X_ Analysing the 10 Gods (The Destiny Code, #4) -- Joey Yap -- The Destiny Code;The Power of X, First Edition, 2012 -- Jy Books Sdn_ Bhd_ -- isbn13 9789670310350 -- 02940b74161a9cf4c210d1b81b0de14d -- Anna’s Archive.pdf","bazi/K3/The Power of X_ Analysing the 10 Gods (The Destiny Code, #4) -- Joey Yap -- The Destiny Code;The Power of X, First Edition, 2012 -- Jy Books Sdn_ Bhd_ -- isbn13 9789670310350 -- 02940b74161a9cf4c210d1b81b0de14d -- Anna’s Archive.pdf","bazi","ok","yes","yes","optional","K2+K3 priorisieren; K4 optional."
"The Power of X_ Enter the 10 Gods (The Destiny Code, #3) -- Joey Yap_ -- The Destiny Code;The Power of X, 1, 2011 -- Jy Books Sdn_ Bhd_ (joey Yap) -- isbn13 9789675395918 -- 11fd708ddfc3e78fdbcc80616b2769d0 -- Anna’s Archive.pdf","bazi/K3/The Power of X_ Enter the 10 Gods (The Destiny Code, #3) -- Joey Yap_ -- The Destiny Code;The Power of X, 1, 2011 -- Jy Books Sdn_ Bhd_ (joey Yap) -- isbn13 9789675395918 -- 11fd708ddfc3e78fdbcc80616b2769d0 -- Anna’s Archive.pdf","bazi","ok","yes","yes","optional","K2+K3 priorisieren; K4 optional."
"The Power of X_ Qualifying the 10 Gods (The Destiny Code, -- Joey Yap -- The Destiny Code;The Power of X, UK ed_, 2012 -- JY Productions Sdn Bhd -- isbn13 9789670310251 -- d37030b094363ad265dee76ca257a081 -- Anna’s Archive.pdf","bazi/K3/The Power of X_ Qualifying the 10 Gods (The Destiny Code, -- Joey Yap -- The Destiny Code;The Power of X, UK ed_, 2012 -- JY Productions Sdn Bhd -- isbn13 9789670310251 -- d37030b094363ad265dee76ca257a081 -- Anna’s Archive.pdf","bazi","ok","yes","yes","optional","K2+K3 priorisieren; K4 optional."
"四库存目 子平汇刊 5 穷通宝鉴评注 -- (清)徐乐吾注 -- 四库存目子平汇刊, 2015 -- 北京：华龄出版社 -- isbn13 9787516905128 -- 4f8bd8e25832d5ca180123fc079d9b88 -- Anna’s Archive.pdf","bazi/K3/四库存目 子平汇刊 5 穷通宝鉴评注 -- (清)徐乐吾注 -- 四库存目子平汇刊, 2015 -- 北京：华龄出版社 -- isbn13 9787516905128 -- 4f8bd8e25832d5ca180123fc079d9b88 -- Anna’s Archive.pdf","bazi","ok","yes","yes","optional","K2+K3 priorisieren; K4 optional."
"BaZi Essentials - The Ten Day Masters - Bing (Yang Fire) -- Joey Yap -- BaZi Essentials, 1st, 2009 -- JY Books Sdn_ Bhd_ -- cd8672ce46620ffec72b2d895b71c3e2 -- Anna’s Archive.pdf","bazi/klassisch/K4/BaZi Essentials - The Ten Day Masters - Bing (Yang Fire) -- Joey Yap -- BaZi Essentials, 1st, 2009 -- JY Books Sdn_ Bhd_ -- cd8672ce46620ffec72b2d895b71c3e2 -- Anna’s Archive.pdf","bazi","ok","yes","yes","optional","K2+K3 priorisieren; K4 optional."
"BaZi Essentials - The Ten Day Masters - Ding (Yin Fire) -- Joey Yap -- BaZi Essentials, 1st, 2009 -- JY Books Sdn_ Bhd_ -- a6d88b587a70d968b2ce3fa05ffa1366 -- Anna’s Archive.pdf","bazi/klassisch/K4/BaZi Essentials - The Ten Day Masters - Ding (Yin Fire) -- Joey Yap -- BaZi Essentials, 1st, 2009 -- JY Books Sdn_ Bhd_ -- a6d88b587a70d968b2ce3fa05ffa1366 -- Anna’s Archive.pdf","bazi","ok","yes","yes","optional","K2+K3 priorisieren; K4 optional."
"BaZi Essentials - The Ten Day Masters - Geng (Yang Metal) -- Joey Yap -- BaZi Essentials, 1st, 2009 -- JY Books Sdn_ Bhd_ -- 81970458e683c785171eb93326a97dfc -- Anna’s Archive.pdf","bazi/klassisch/K4/BaZi Essentials - The Ten Day Masters - Geng (Yang Metal) -- Joey Yap -- BaZi Essentials, 1st, 2009 -- JY Books Sdn_ Bhd_ -- 81970458e683c785171eb93326a97dfc -- Anna’s Archive.pdf","bazi","ok","yes","yes","optional","K2+K3 priorisieren; K4 optional."
"BaZi Essentials - The Ten Day Masters - Gui (Yin Water) -- Joey Yap -- BaZi Essentials, 1st, 2009 -- JY Books Sdn_ Bhd_ -- 5cbd41ee8e2661a8153e57391d46c965 -- Anna’s Archive.pdf","bazi/klassisch/K4/BaZi Essentials - The Ten Day Masters - Gui (Yin Water) -- Joey Yap -- BaZi Essentials, 1st, 2009 -- JY Books Sdn_ Bhd_ -- 5cbd41ee8e2661a8153e57391d46c965 -- Anna’s Archive.pdf","bazi","ok","yes","yes","optional","K2+K3 priorisieren; K4 optional."
"Bazi Essentials - The Ten Day Masters - Ji (Yin Earth) -- Joey Yap -- BaZi Essentials, 1st, 2009 -- JY Books Sdn_ Bhd_ -- 01fd08ad3c8ae571bc864be8078e9020 -- Anna’s Archive.pdf","bazi/klassisch/K4/Bazi Essentials - The Ten Day Masters - Ji (Yin Earth) -- Joey Yap -- BaZi Essentials, 1st, 2009 -- JY Books Sdn_ Bhd_ -- 01fd08ad3c8ae571bc864be8078e9020 -- Anna’s Archive.pdf","bazi","ok","yes","yes","optional","K2+K3 priorisieren; K4 optional."
"BaZi Essentials - The Ten Day Masters - Jia (Yang Wood) -- Joey Yap -- BaZi Essentials, 1st, 2009 -- JY Books Sdn_ Bhd_ -- 8f69811f6726c574f8c23aa2554fe02f -- Anna’s Archive.pdf","bazi/klassisch/K4/BaZi Essentials - The Ten Day Masters - Jia (Yang Wood) -- Joey Yap -- BaZi Essentials, 1st, 2009 -- JY Books Sdn_ Bhd_ -- 8f69811f6726c574f8c23aa2554fe02f -- Anna’s Archive.pdf","bazi","ok","yes","yes","optional","K2+K3 priorisieren; K4 optional."
"BaZi Essentials - The Ten Day Masters - Ren (Yang Water) -- Joey Yap -- BaZi Essentials, 1st, 2009 -- JY Books Sdn_ Bhd_ -- 69c75b12470323cee72c093dd180126d -- Anna’s Archive.pdf","bazi/klassisch/K4/BaZi Essentials - The Ten Day Masters - Ren (Yang Water) -- Joey Yap -- BaZi Essentials, 1st, 2009 -- JY Books Sdn_ Bhd_ -- 69c75b12470323cee72c093dd180126d -- Anna’s Archive.pdf","bazi","ok","yes","yes","optional","K2+K3 priorisieren; K4 optional."
"BaZi Essentials - The Ten Day Masters - Wu (Yang Earth) -- Joey Yap -- BaZi Essentials, 1st, 2009 -- JY Books Sdn_ Bhd_ -- c85f43ea9d3faa91186aadda9a63b9df -- Anna’s Archive.pdf","bazi/klassisch/K4/BaZi Essentials - The Ten Day Masters - Wu (Yang Earth) -- Joey Yap -- BaZi Essentials, 1st, 2009 -- JY Books Sdn_ Bhd_ -- c85f43ea9d3faa91186aadda9a63b9df -- Anna’s Archive.pdf","bazi","ok","yes","yes","optional","K2+K3 priorisieren; K4 optional."
"BaZi Essentials - The Ten Day Masters - Xin (Yin Metal) -- Joey Yap -- BaZi Essentials, 1st, 2009 -- JY Books Sdn_ Bhd_ -- 5203332f3bd42d574cda0aab4b7289b6 -- Anna’s Archive.pdf","bazi/klassisch/K4/BaZi Essentials - The Ten Day Masters - Xin (Yin Metal) -- Joey Yap -- BaZi Essentials, 1st, 2009 -- JY Books Sdn_ Bhd_ -- 5203332f3bd42d574cda0aab4b7289b6 -- Anna’s Archive.pdf","bazi","ok","yes","yes","optional","K2+K3 priorisieren; K4 optional."
"BaZi Essentials - The Ten Day Masters - Yi (Yin Wood) -- Joey Yap -- BaZi Essentials, 1st, 2009 -- JY Books Sdn_ Bhd_ -- b43ef9cba617e134725ea779be855b77 -- Anna’s Archive.pdf","bazi/klassisch/K4/BaZi Essentials - The Ten Day Masters - Yi (Yin Wood) -- Joey Yap -- BaZi Essentials, 1st, 2009 -- JY Books Sdn_ Bhd_ -- b43ef9cba617e134725ea779be855b77 -- Anna’s Archive.pdf","bazi","ok","yes","yes","optional","K2+K3 priorisieren; K4 optional."
"The Bazi 60 Pillars - BING Fire -- Joey Yap -- 2018 -- JY Productions Sdn Bhd -- b3d035c1aa6a6d7b803bae802739dd97 -- Anna’s Archive.azw3","bazi/klassisch/K4/The Bazi 60 Pillars - BING Fire -- Joey Yap -- 2018 -- JY Productions Sdn Bhd -- b3d035c1aa6a6d7b803bae802739dd97 -- Anna’s Archive.azw3","bazi","ok","yes","yes","optional","K2+K3 priorisieren; K4 optional."
"The Bazi 60 Pillars - Ding_ The Life Analysis Method -- Joey Yap -- 2016 -- JY Productions Sdn Bhd -- b73f785a07189ec8644bd7e9ec86c602 -- Anna’s Archive.pdf","bazi/klassisch/K4/The Bazi 60 Pillars - Ding_ The Life Analysis Method -- Joey Yap -- 2016 -- JY Productions Sdn Bhd -- b73f785a07189ec8644bd7e9ec86c602 -- Anna’s Archive.pdf","bazi","ok","yes","yes","optional","K2+K3 priorisieren; K4 optional."
"The Bazi 60 Pillars - JI Earth -- Yap, Joey -- 2018 -- Joey Yap Research Group -- 17f3eed7ae47327b3c44b3361a5f6f33 -- Anna’s Archive(1).epub","bazi/klassisch/K4/The Bazi 60 Pillars - JI Earth -- Yap, Joey -- 2018 -- Joey Yap Research Group -- 17f3eed7ae47327b3c44b3361a5f6f33 -- Anna’s Archive(1).epub","bazi","ok","yes","yes","optional","K2+K3 priorisieren; K4 optional."
"The Bazi 60 Pillars - JI Earth -- Yap, Joey -- 2018 -- Joey Yap Research Group -- 17f3eed7ae47327b3c44b3361a5f6f33 -- Anna’s Archive.epub","bazi/klassisch/K4/The Bazi 60 Pillars - JI Earth -- Yap, Joey -- 2018 -- Joey Yap Research Group -- 17f3eed7ae47327b3c44b3361a5f6f33 -- Anna’s Archive.epub","bazi","ok","yes","yes","optional","K2+K3 priorisieren; K4 optional."
"The Bazi 60 Pillars - JIA Wood_ The Life Analysis Method -- Joey Yap -- 2018 -- JY Productions Sdn Bhd -- 866fc99a984ae8c0d098670b0f3b11ff -- Anna’s Archive.azw3","bazi/klassisch/K4/The Bazi 60 Pillars - JIA Wood_ The Life Analysis Method -- Joey Yap -- 2018 -- JY Productions Sdn Bhd -- 866fc99a984ae8c0d098670b0f3b11ff -- Anna’s Archive.azw3","bazi","ok","yes","yes","optional","K2+K3 priorisieren; K4 optional."
"The Bazi 60 Pillars - REN Water -- Joey Yap -- 2018 -- Joey Yap Research Group -- da050c3cad2161c3f2140321ac1ee43d -- Anna’s Archive.pdf","bazi/klassisch/K4/The Bazi 60 Pillars - REN Water -- Joey Yap -- 2018 -- Joey Yap Research Group -- da050c3cad2161c3f2140321ac1ee43d -- Anna’s Archive.pdf","bazi","ok","yes","yes","optional","K2+K3 priorisieren; K4 optional."
"The Bazi 60 Pillars - Yi_ The Life Analysis Method Revealed -- Joey Yap -- 2016 -- JY Productions Sdn Bhd -- 5f493a40c5e31ccf785661d1d4704899 -- Anna’s Archive.pdf","bazi/klassisch/K4/The Bazi 60 Pillars - Yi_ The Life Analysis Method Revealed -- Joey Yap -- 2016 -- JY Productions Sdn Bhd -- 5f493a40c5e31ccf785661d1d4704899 -- Anna’s Archive.pdf","bazi","ok","yes","yes","optional","K2+K3 priorisieren; K4 optional."
"The Bazi 60 Pillars Life Analysis Method - GUI Yin Water -- Joey Yap -- BaZi 60 pillars series, Kuala Lumpur, 2013 -- Joey Yap Research Group -- isbn13 9789670310824 -- e74b93a3e1bed6176c3860df8fe70e4e -- Anna’s Archive.pdf","bazi/klassisch/K4/The Bazi 60 Pillars Life Analysis Method - GUI Yin Water -- Joey Yap -- BaZi 60 pillars series, Kuala Lumpur, 2013 -- Joey Yap Research Group -- isbn13 9789670310824 -- e74b93a3e1bed6176c3860df8fe70e4e -- Anna’s Archive.pdf","bazi","ok","yes","yes","optional","K2+K3 priorisieren; K4 optional."
"The BaZi 60 Pillars Life Analysis Method - Wu Earth -- Joey Yap -- 2013 -- e1171a1bc63eac9bf5ac9a462fdb861d -- Anna’s Archive.pdf","bazi/klassisch/K4/The BaZi 60 Pillars Life Analysis Method - Wu Earth -- Joey Yap -- 2013 -- e1171a1bc63eac9bf5ac9a462fdb861d -- Anna’s Archive.pdf","bazi","ok","yes","yes","optional","K2+K3 priorisieren; K4 optional."
"The Bazi 60 Pillars life analysis method _ Wu Yang Earth -- Joey Yap -- BaZi 60 pillars series, Kuala Lumpur, 2013 -- Joey Yap Research Group -- isbn13 9789670310787 -- 5ceb77b073cfa3e68665dc8ee3535be4 -- Anna’s Archive.pdf","bazi/klassisch/K4/The Bazi 60 Pillars life analysis method _ Wu Yang Earth -- Joey Yap -- BaZi 60 pillars series, Kuala Lumpur, 2013 -- Joey Yap Research Group -- isbn13 9789670310787 -- 5ceb77b073cfa3e68665dc8ee3535be4 -- Anna’s Archive.pdf","bazi","ok","yes","yes","optional","K2+K3 priorisieren; K4 optional."
"The Bazi 60 Pillars Life Analysis Method_ Zin Metal -- Joey Yap -- 1, 2013 -- JY Books; JY Productions Sdn Bhd -- isbn13 9789670310817 -- 834984fb3f3ba64f1a2157221d9d2ed0 -- Anna’s Archive.pdf","bazi/klassisch/K4/The Bazi 60 Pillars Life Analysis Method_ Zin Metal -- Joey Yap -- 1, 2013 -- JY Books; JY Productions Sdn Bhd -- isbn13 9789670310817 -- 834984fb3f3ba64f1a2157221d9d2ed0 -- Anna’s Archive.pdf","bazi","ok","yes","yes","optional","K2+K3 priorisieren; K4 optional."
"Anatomy of the Spirit _ The Seven Stages of Power and -- Caroline Myss -- S_I, 2013 -- Crown Publishing Group -- isbn13 9780609800140 -- 18ea53aee64f9cfdb06fdd37ae055c90 -- Anna’s Archive.pdf","chakra/Anatomy of the Spirit _ The Seven Stages of Power and -- Caroline Myss -- S_I, 2013 -- Crown Publishing Group -- isbn13 9780609800140 -- 18ea53aee64f9cfdb06fdd37ae055c90 -- Anna’s Archive.pdf","chakra","ok","yes","yes","optional","K2+K3 priorisieren; K4 optional."
"Chakras _ The Pathways To Success -- Judith, Anodea;Goodman, Lion -- 2014 -- JAICO PUBLISHING HOUSE -- isbn13 9788184956160 -- 99b16c78ad708449bc628c0daba75cda -- Anna’s Archive.pdf","chakra/Chakras _ The Pathways To Success -- Judith, Anodea;Goodman, Lion -- 2014 -- JAICO PUBLISHING HOUSE -- isbn13 9788184956160 -- 99b16c78ad708449bc628c0daba75cda -- Anna’s Archive.pdf","chakra","ok","yes","yes","optional","K2+K3 priorisieren; K4 optional."
"Introduction To Tantra Sastra -- Sir John Woodroffe -- 1980 -- Ganesh & Company -- 7f32e197048bc674361d78613051bbcf -- Anna’s Archive.pdf","chakra/Introduction To Tantra Sastra -- Sir John Woodroffe -- 1980 -- Ganesh & Company -- 7f32e197048bc674361d78613051bbcf -- Anna’s Archive.pdf","chakra","ok","yes","yes","optional","K2+K3 priorisieren; K4 optional."
"Light on Prānāyāma_ Prānāyāma Dīpikā -- B_K_S_ Iyengar; introduction by Yehudi Menuhin -- [New ed_], London, England, 1992 -- Aquarian Press; Thorsons -- isbn13 9781855382428 -- 0022e8b69a5f1652c852db19dc8b8615 -- Anna’s Archive.pdf","chakra/Light on Prānāyāma_ Prānāyāma Dīpikā -- B_K_S_ Iyengar; introduction by Yehudi Menuhin -- [New ed_], London, England, 1992 -- Aquarian Press; Thorsons -- isbn13 9781855382428 -- 0022e8b69a5f1652c852db19dc8b8615 -- Anna’s Archive.pdf","chakra","ok","yes","yes","optional","K2+K3 priorisieren; K4 optional."
"Mahanirvana tantra (tantra of the great liberation) -- Arthur Avalon; John Woodroffe -- June 30, 2004 -- Kessinger Publishing, LLC -- isbn13 9781419132070 -- 1bfaed3d694292f92969b4324abdb004 -- Anna’s Archive.pdf","chakra/Mahanirvana tantra (tantra of the great liberation) -- Arthur Avalon; John Woodroffe -- June 30, 2004 -- Kessinger Publishing, LLC -- isbn13 9781419132070 -- 1bfaed3d694292f92969b4324abdb004 -- Anna’s Archive.pdf","chakra","ok","yes","yes","optional","K2+K3 priorisieren; K4 optional."
"Shakti und Shākta _ Lehre und Ritual der Tantra-Shāstras -- by Arthur Avalon (Sir John Woodroffe) -- New York, New York State, 1978 -- Dover -- isbn13 9780486236452 -- 34f9988be4d01ca61bd61aed67b2cf36 -- Anna’s Archive.pdf","chakra/Shakti und Shākta _ Lehre und Ritual der Tantra-Shāstras -- by Arthur Avalon (Sir John Woodroffe) -- New York, New York State, 1978 -- Dover -- isbn13 9780486236452 -- 34f9988be4d01ca61bd61aed67b2cf36 -- Anna’s Archive.pdf","chakra","ok","yes","yes","optional","K2+K3 priorisieren; K4 optional."
"The Garland of Letters Studies In The Mantra-Sastra -- Sir John Woodroffe -- 1989 -- Ganesh and Company -- b5eb943fc6b641c23b4fa9db129f660f -- Anna’s Archive.pdf","chakra/The Garland of Letters Studies In The Mantra-Sastra -- Sir John Woodroffe -- 1989 -- Ganesh and Company -- b5eb943fc6b641c23b4fa9db129f660f -- Anna’s Archive.pdf","chakra","ok","yes","yes","optional","K2+K3 priorisieren; K4 optional."
"The Serpent Power - The Secrets of Tantric and Shaktic Yoga -- Arthur Avalon -- 2009 -- 635a5050940147c1b6c0b5158d93c60e -- Anna’s Archive.pdf","chakra/The Serpent Power - The Secrets of Tantric and Shaktic Yoga -- Arthur Avalon -- 2009 -- 635a5050940147c1b6c0b5158d93c60e -- Anna’s Archive.pdf","chakra","ok","yes","yes","optional","K2+K3 priorisieren; K4 optional."
"THE SERPENT POWER Being the Sat-Cakra-Nirupana and -- sir john woodroffe -- ganesh and company -- 3674738cfef3a4d956107f930afad2cc -- Anna’s Archive.pdf","chakra/THE SERPENT POWER Being the Sat-Cakra-Nirupana and -- sir john woodroffe -- ganesh and company -- 3674738cfef3a4d956107f930afad2cc -- Anna’s Archive.pdf","chakra","ok","yes","yes","optional","K2+K3 priorisieren; K4 optional."
"Wheels of Life_ A User's Guide to the Chakra System -- Anodea Judith -- 2012 -- Llewellyn Worldwide -- 205a6c0a201d5113b98bc36815ed3b68 -- Anna’s Archive.epub","chakra/Wheels of Life_ A User's Guide to the Chakra System -- Anodea Judith -- 2012 -- Llewellyn Worldwide -- 205a6c0a201d5113b98bc36815ed3b68 -- Anna’s Archive.epub","chakra","ok","yes","yes","optional","K2+K3 priorisieren; K4 optional."
"Wheels Of Life_ A User's Guide to the Chakra System -- Anodea Judith; Llewellyn Publications -- Llewellyns New Age Series, 5th, 2002 -- Llewellyn -- isbn13 9780875423203 -- c5dc48957b27a9b9745860d1f84a0fa9 -- Anna’s Archive.pdf","chakra/Wheels Of Life_ A User's Guide to the Chakra System -- Anodea Judith; Llewellyn Publications -- Llewellyns New Age Series, 5th, 2002 -- Llewellyn -- isbn13 9780875423203 -- c5dc48957b27a9b9745860d1f84a0fa9 -- Anna’s Archive.pdf","chakra","ok","yes","yes","optional","K2+K3 priorisieren; K4 optional."
"Gene keys _ unlocking the higher purpose hidden in your DNA -- Richard Rudd [Rudd, Richard] -- Penguin Random House LLC (Publisher Services), New -- isbn13 9781780285429 -- 030944c6354dff07ba00450a9a9509d4 -- Anna’s Archive.pdf","gene_keys/Gene keys _ unlocking the higher purpose hidden in your DNA -- Richard Rudd [Rudd, Richard] -- Penguin Random House LLC (Publisher Services), New -- isbn13 9781780285429 -- 030944c6354dff07ba00450a9a9509d4 -- Anna’s Archive.pdf","genekeys","ok","yes","yes","yes","Alle Paesse."
"Gene keys _ unlocking the higher purpose hidden in your DNA -- Unlocking the higher purose hidden in your DNA -- Third edition, 2015;2013 -- Watkins -- isbn13 9781780285429 -- dddfcdb27871a7756f4214cc2929f55a -- Anna’s .epub","gene_keys/Gene keys _ unlocking the higher purpose hidden in your DNA -- Unlocking the higher purose hidden in your DNA -- Third edition, 2015;2013 -- Watkins -- isbn13 9781780285429 -- dddfcdb27871a7756f4214cc2929f55a -- Anna’s .epub","genekeys","ok","yes","yes","yes","Alle Paesse."
"Genius_ A guide to your Activation Sequence (The Gene Keys -- Richard Rudd -- Gene Keys Golden Path, 1, Poole, 2020 -- Gene Keys Publishing -- isbn13 9781838048709 -- 861d79e31a3f9e9a74ae4a5e9dba597e -- Anna’s Archive.epub","gene_keys/Genius_ A guide to your Activation Sequence (The Gene Keys -- Richard Rudd -- Gene Keys Golden Path, 1, Poole, 2020 -- Gene Keys Publishing -- isbn13 9781838048709 -- 861d79e31a3f9e9a74ae4a5e9dba597e -- Anna’s Archive.epub","genekeys","ok","yes","yes","yes","Alle Paesse."
"Human Design - Circuitry_ The complete guide to Circuits, -- Rudd, Richard -- 2022 -- Gene Keys Publishing -- c126c50a41204e7cbf8eec7ca6f60a45 -- Anna’s Archive.pdf","gene_keys/Human Design - Circuitry_ The complete guide to Circuits, -- Rudd, Richard -- 2022 -- Gene Keys Publishing -- c126c50a41204e7cbf8eec7ca6f60a45 -- Anna’s Archive.pdf","genekeys","ok","yes","yes","yes","Alle Paesse."
"Human Design - The Revelation_ A guide to basic Concepts, -- Rudd, Richard -- 2021 -- Gene Keys Publishing -- 3c95e8121ecf7e508e7ae4f71957236d -- Anna’s Archive.pdf","gene_keys/Human Design - The Revelation_ A guide to basic Concepts, -- Rudd, Richard -- 2021 -- Gene Keys Publishing -- 3c95e8121ecf7e508e7ae4f71957236d -- Anna’s Archive.pdf","genekeys","ok","yes","yes","yes","Alle Paesse."
"Living your Design - A New Manual for Awakening -- Richard Rudd -- 3e3565cedfe005902836fbd6d612dee0 -- Anna’s Archive.pdf","gene_keys/Living your Design - A New Manual for Awakening -- Richard Rudd -- 3e3565cedfe005902836fbd6d612dee0 -- Anna’s Archive.pdf","genekeys","ok","yes","yes","yes","Alle Paesse."
"Love_ A guide to your Venus Sequence (The Gene Keys Golden -- Richard Rudd -- Gene Keys Golden Path, Poole, 2020 -- Gene Keys Publishing -- isbn13 9781838048716 -- 5c806efdc163be78fa75086a428e625e -- Anna’s Archive.epub","gene_keys/Love_ A guide to your Venus Sequence (The Gene Keys Golden -- Richard Rudd -- Gene Keys Golden Path, Poole, 2020 -- Gene Keys Publishing -- isbn13 9781838048716 -- 5c806efdc163be78fa75086a428e625e -- Anna’s Archive.epub","genekeys","ok","yes","yes","yes","Alle Paesse."
"Opening Doors with Gene Keys -- Richard Rudd -- 2014 -- 30c725f0604a1b346e69570741fcc7ae -- Anna’s Archive.pdf","gene_keys/Opening Doors with Gene Keys -- Richard Rudd -- 2014 -- 30c725f0604a1b346e69570741fcc7ae -- Anna’s Archive.pdf","genekeys","ok","yes","yes","yes","Alle Paesse."
"Prosperity_ A guide to your Pearl Sequence (The Gene Keys -- Rudd, Richard -- The Gene Keys Golden Path Book 3, 2023 -- 2a71a0f8d99ba7bf7295ca2ba7c21336 -- Anna’s Archive.epub","gene_keys/Prosperity_ A guide to your Pearl Sequence (The Gene Keys -- Rudd, Richard -- The Gene Keys Golden Path Book 3, 2023 -- 2a71a0f8d99ba7bf7295ca2ba7c21336 -- Anna’s Archive.epub","genekeys","ok","yes","yes","yes","Alle Paesse."
"Seven sacred seals -- Richard rudd -- b1ea10c4398a475638113ee0146e025d -- Anna’s Archive.pdf","gene_keys/Seven sacred seals -- Richard rudd -- b1ea10c4398a475638113ee0146e025d -- Anna’s Archive.pdf","genekeys","ok","yes","yes","yes","Alle Paesse."
"Soul Whispering _ The Art of Awakening Shamanic -- Linda Star Wolf; Nita Gage DSPS MA; Richard Rudd -- Simon & Schuster, [N_p_], 2017 -- Rochester, -- isbn13 9781591432258 -- 85692a895b4c07613dde6ad3a1610de6 -- Anna’s Archive.pdf","gene_keys/Soul Whispering _ The Art of Awakening Shamanic -- Linda Star Wolf; Nita Gage DSPS MA; Richard Rudd -- Simon & Schuster, [N_p_], 2017 -- Rochester, -- isbn13 9781591432258 -- 85692a895b4c07613dde6ad3a1610de6 -- Anna’s Archive.pdf","genekeys","ok","yes","yes","yes","Alle Paesse."
"The 64 Ways_ Personal Contemplations on the Gene Keys -- Rudd, Richard -- 2022 -- Gene Keys Publishing -- 51a66a5b3b946c01b181b66551025f2c -- Anna’s Archive.epub","gene_keys/The 64 Ways_ Personal Contemplations on the Gene Keys -- Rudd, Richard -- 2022 -- Gene Keys Publishing -- 51a66a5b3b946c01b181b66551025f2c -- Anna’s Archive.epub","genekeys","ok","yes","yes","yes","Alle Paesse."
"The Holy Incantation of Solace -- Richard Rudd -- 3f946dea0f9e623d3e5a638f5462fc32 -- Anna’s Archive.pdf","gene_keys/The Holy Incantation of Solace -- Richard Rudd -- 3f946dea0f9e623d3e5a638f5462fc32 -- Anna’s Archive.pdf","genekeys","ok","yes","yes","yes","Alle Paesse."
"THE HUMAN DESIGN SYSTEM - An A to D of You -- Richard Rudd -- 91a83be6fd080f416dd5b784ca783d2f -- Anna’s Archive.pdf","gene_keys/THE HUMAN DESIGN SYSTEM - An A to D of You -- Richard Rudd -- 91a83be6fd080f416dd5b784ca783d2f -- Anna’s Archive.pdf","genekeys","ok","yes","yes","yes","Alle Paesse."
"BG5 Career and Business Consulting - Student Manual 1 -- Ra Uru Hu -- International Human Design School -- 3b88c9681c859d6532d6ea06a3946e25 -- Anna’s Archive.pdf","hd/BG5 Career and Business Consulting - Student Manual 1 -- Ra Uru Hu -- International Human Design School -- 3b88c9681c859d6532d6ea06a3946e25 -- Anna’s Archive.pdf","hd","ok","yes","yes","yes","Ra-Linie: drei Paesse."
"Biology Design System -- Ra Uru Hu, Eleanor Haspel, Marvin Portner -- 2000 -- c9ac38146181060890f5690d4ab5f0cc -- Anna’s Archive.pdf","hd/Biology Design System -- Ra Uru Hu, Eleanor Haspel, Marvin Portner -- 2000 -- c9ac38146181060890f5690d4ab5f0cc -- Anna’s Archive.pdf","hd","ok","yes","yes","yes","Ra-Linie: drei Paesse."
"Channels by Type 1 - Introduction and Creative Channels -- Ra Uru Hu -- Channels by Type, 1, 1999 -- International Human Design School Publishing -- isbn13 9780988932319 -- f39d968502133638202cadb5a8825365 -- Anna’s Archive.pdf","hd/Channels by Type 1 - Introduction and Creative Channels -- Ra Uru Hu -- Channels by Type, 1, 1999 -- International Human Design School Publishing -- isbn13 9780988932319 -- f39d968502133638202cadb5a8825365 -- Anna’s Archive.pdf","hd","ok","yes","yes","yes","Ra-Linie: drei Paesse."
"Channels by Type 2 - Manifesting and Generating Channels -- Ra Uru Hu -- Channels by Type 2, 2015 -- HDC Publishing, Inc_ -- isbn13 9780988932319 -- c82406a22498c8d94195c2e2f22c3dfc -- Anna’s Archive.pdf","hd/Channels by Type 2 - Manifesting and Generating Channels -- Ra Uru Hu -- Channels by Type 2, 2015 -- HDC Publishing, Inc_ -- isbn13 9780988932319 -- c82406a22498c8d94195c2e2f22c3dfc -- Anna’s Archive.pdf","hd","ok","yes","yes","yes","Ra-Linie: drei Paesse."
"Channels by Type 3 - Projected Channels -- Ra Uru Hu -- Channels by Type 3, 2015 -- HDC Publishing, Inc_ -- isbn13 9780988932319 -- 6cc16e4a7ebedfa4ccab548d2004cbf9 -- Anna’s Archive.pdf","hd/Channels by Type 3 - Projected Channels -- Ra Uru Hu -- Channels by Type 3, 2015 -- HDC Publishing, Inc_ -- isbn13 9780988932319 -- 6cc16e4a7ebedfa4ccab548d2004cbf9 -- Anna’s Archive.pdf","hd","ok","yes","yes","yes","Ra-Linie: drei Paesse."
"Channels by Type 4 - Understanding the Transit Program -- Ra Uru Hu -- Channels by Type 4, 2015 -- HDC Publishing, Inc_ -- isbn13 9780988932319 -- 65e4c037d1db12b49e49b567cb6b0a0e -- Anna’s Archive.pdf","hd/Channels by Type 4 - Understanding the Transit Program -- Ra Uru Hu -- Channels by Type 4, 2015 -- HDC Publishing, Inc_ -- isbn13 9780988932319 -- 65e4c037d1db12b49e49b567cb6b0a0e -- Anna’s Archive.pdf","hd","ok","yes","yes","yes","Ra-Linie: drei Paesse."
"Design Concepts -- Ra Uru Hu -- 2006 -- be6b114f074dbfb1cab54ed5061f99b6 -- Anna’s Archive.pdf","hd/Design Concepts -- Ra Uru Hu -- 2006 -- be6b114f074dbfb1cab54ed5061f99b6 -- Anna’s Archive.pdf","hd","ok","yes","yes","yes","Ra-Linie: drei Paesse."
"Design Resonance Mapping - The Way of the Flesh -- Ra Uru Hu -- 2009 -- International Human Design School (IHDS) -- d3c91994edc8c417c5d4430e5d82688a -- Anna’s Archive.pdf","hd/Design Resonance Mapping - The Way of the Flesh -- Ra Uru Hu -- 2009 -- International Human Design School (IHDS) -- d3c91994edc8c417c5d4430e5d82688a -- Anna’s Archive.pdf","hd","ok","yes","yes","yes","Ra-Linie: drei Paesse."
"Die Prophezeiung des Ra Uru Hu (German Edition).pdf","hd/Die Prophezeiung des Ra Uru Hu (German Edition).pdf","hd","ok","yes","yes","yes","Ra-Linie: drei Paesse."
"Dream Rave Introduction -- Ra Uru Hu -- 80fe85abac05fbb20f06b97c586a444a -- Anna’s Archive.pdf","hd/Dream Rave Introduction -- Ra Uru Hu -- 80fe85abac05fbb20f06b97c586a444a -- Anna’s Archive.pdf","hd","ok","yes","yes","yes","Ra-Linie: drei Paesse."
"DREAMRAVE I_ Introduction to Personal Analysis -- Ra Uru Hu -- 2007 -- International Human Design School (IHDS) -- d0874985aa7b29ef71d408f0e6e0c8c5 -- Anna’s Archive.pdf","hd/DREAMRAVE I_ Introduction to Personal Analysis -- Ra Uru Hu -- 2007 -- International Human Design School (IHDS) -- d0874985aa7b29ef71d408f0e6e0c8c5 -- Anna’s Archive.pdf","hd","ok","yes","yes","yes","Ra-Linie: drei Paesse."
"from The Book of Letters - A Guide to Human Design Analysis -- Ra Uru Hu -- 1995 -- New Sun Services International -- isbn13 9785057582907 -- d9ba2013e68730383471e4ad6be09790 -- Anna’s Archive.pdf","hd/from The Book of Letters - A Guide to Human Design Analysis -- Ra Uru Hu -- 1995 -- New Sun Services International -- isbn13 9785057582907 -- d9ba2013e68730383471e4ad6be09790 -- Anna’s Archive.pdf","hd","ok","yes","yes","yes","Ra-Linie: drei Paesse."
"From the Left_ Strategic Cognition - Personal and -- Ra Uru Hu -- 2010 -- International Human Design School (IHDS) -- 7ae5243edbb37f378567a908ed2d2cd3 -- Anna’s Archive.pdf","hd/From the Left_ Strategic Cognition - Personal and -- Ra Uru Hu -- 2010 -- International Human Design School (IHDS) -- 7ae5243edbb37f378567a908ed2d2cd3 -- Anna’s Archive.pdf","hd","ok","yes","yes","yes","Ra-Linie: drei Paesse."
"From the Right -- Ra Uru Hu -- Personal and Trans-Personal Analytical Training -- International Human Design School -- 699d2cbe70f0e0d6c3a1cd0bb3779426 -- Anna’s Archive.pdf","hd/From the Right -- Ra Uru Hu -- Personal and Trans-Personal Analytical Training -- International Human Design School -- 699d2cbe70f0e0d6c3a1cd0bb3779426 -- Anna’s Archive.pdf","hd","ok","yes","yes","yes","Ra-Linie: drei Paesse."
"Holistic Analysis 2 Diagnostics 2 -- Ra Uru Hu -- Personal and Trans-Personal Analytical Training, 2, 2010 -- International Human Design School (IHDS) -- b5a86d4382ccfbdf2e30cfbaf25e5791 -- Anna’s Archive.pdf","hd/Holistic Analysis 2 Diagnostics 2 -- Ra Uru Hu -- Personal and Trans-Personal Analytical Training, 2, 2010 -- International Human Design School (IHDS) -- b5a86d4382ccfbdf2e30cfbaf25e5791 -- Anna’s Archive.pdf","hd","ok","yes","yes","yes","Ra-Linie: drei Paesse."
"How We Connect - eBook -- Ra Uru Hu -- 2024 -- Jovian Archive -- 7b05ec2c4f1a88eef4a6ae61f518a07e -- Anna’s Archive.pdf","hd/How We Connect - eBook -- Ra Uru Hu -- 2024 -- Jovian Archive -- 7b05ec2c4f1a88eef4a6ae61f518a07e -- Anna’s Archive.pdf","hd","ok","yes","yes","yes","Ra-Linie: drei Paesse."
"Human Design - Life Cycles Analysis -- Ra Uru Hu -- 4f0b1309c8e42c5a0580b32b7e3be3e4 -- Anna’s Archive.pdf","hd/Human Design - Life Cycles Analysis -- Ra Uru Hu -- 4f0b1309c8e42c5a0580b32b7e3be3e4 -- Anna’s Archive.pdf","hd","ok","yes","yes","yes","Ra-Linie: drei Paesse."
"Human design - You and the Shadow -- Ra Uru Hu -- 2020 -- 9aa3952794bf5b4a60bd4d36d4388f7f -- Anna’s Archive.pdf","hd/Human design - You and the Shadow -- Ra Uru Hu -- 2020 -- 9aa3952794bf5b4a60bd4d36d4388f7f -- Anna’s Archive.pdf","hd","ok","yes","yes","yes","Ra-Linie: drei Paesse."
"Human Design_ The Definitive Book of Human Design, The -- Ra Uru Hu; Lynda Bunnell; Bethi Black; Donna Garlinghouse; -- 1st Edition, 2011 -- HDC -- isbn13 9780615552149 -- 9dca21af0cc6ec08f9356f64f9b5fb11 -- Anna’s Archive.pdf","hd/Human Design_ The Definitive Book of Human Design, The -- Ra Uru Hu; Lynda Bunnell; Bethi Black; Donna Garlinghouse; -- 1st Edition, 2011 -- HDC -- isbn13 9780615552149 -- 9dca21af0cc6ec08f9356f64f9b5fb11 -- Anna’s Archive.pdf","hd","ok","yes","yes","yes","Ra-Linie: drei Paesse."
"I Ching _ The Oracle Of The Cosmic Way (Q) -- Carol K_ Anthony, Hanna Moog -- Place of publication not identified, 2002 -- Anthony Publishing Company -- isbn13 9781890764043 -- 714a9cdfc6f041879be9b83dfc0feb93 -- Anna’s Archive.pdf","hd/I Ching _ The Oracle Of The Cosmic Way (Q) -- Carol K_ Anthony, Hanna Moog -- Place of publication not identified, 2002 -- Anthony Publishing Company -- isbn13 9781890764043 -- 714a9cdfc6f041879be9b83dfc0feb93 -- Anna’s Archive.pdf","hd","ok","optional","yes","yes","Moog/Anthony I-Ching-Bruecke."
"Incarnation Crosses by Profile (Complete) -- Ra Uru Hu -- 2012 -- International Human Design School -- 9ce108ffd13761f1e7b7c7dfc4683b07 -- Anna’s Archive.pdf","hd/Incarnation Crosses by Profile (Complete) -- Ra Uru Hu -- 2012 -- International Human Design School -- 9ce108ffd13761f1e7b7c7dfc4683b07 -- Anna’s Archive.pdf","hd","ok","yes","yes","yes","Ra-Linie: drei Paesse."
"Lunar & Planetary Color -- Ra Uru Hu -- 2010 -- International Human Design School (IHDS) -- 072b03134dbf14640a29f357b4b552e0 -- Anna’s Archive.pdf","hd/Lunar & Planetary Color -- Ra Uru Hu -- 2010 -- International Human Design School (IHDS) -- 072b03134dbf14640a29f357b4b552e0 -- Anna’s Archive.pdf","hd","ok","yes","yes","yes","Ra-Linie: drei Paesse."
"Lunar & Planetary Color Analysis -- Ra Uru Hu -- 2008 -- International Human Design School (IHDS) -- b38abe08f4f0049d694fde31cee6c7b8 -- Anna’s Archive.pdf","hd/Lunar & Planetary Color Analysis -- Ra Uru Hu -- 2008 -- International Human Design School (IHDS) -- b38abe08f4f0049d694fde31cee6c7b8 -- Anna’s Archive.pdf","hd","ok","yes","yes","yes","Ra-Linie: drei Paesse."
"Manifestor Manifesto -- Ra Uru Hu -- 2010 -- International Human Design School (IHDS) -- 2dc92019152fa02d0c5a41881fe71baf -- Anna’s Archive.pdf","hd/Manifestor Manifesto -- Ra Uru Hu -- 2010 -- International Human Design School (IHDS) -- 2dc92019152fa02d0c5a41881fe71baf -- Anna’s Archive.pdf","hd","ok","yes","yes","yes","Ra-Linie: drei Paesse."
"Never Mind Final -- RA URU HU -- 8ab7f55c3f4d1c28c35f5322e1c450c1 -- Anna’s Archive.pdf","hd/Never Mind Final -- RA URU HU -- 8ab7f55c3f4d1c28c35f5322e1c450c1 -- Anna’s Archive.pdf","hd","ok","yes","yes","yes","Ra-Linie: drei Paesse."
"Partnership Analysis -- Ra Uru Hu -- International Human Design School -- 0cbcf9ee172cd2944a97a6ee41f80fee -- Anna’s Archive.pdf","hd/Partnership Analysis -- Ra Uru Hu -- International Human Design School -- 0cbcf9ee172cd2944a97a6ee41f80fee -- Anna’s Archive.pdf","hd","ok","yes","yes","yes","Ra-Linie: drei Paesse."
"Personality Resonance Mapping - The Way of the Mind -- Ra Uru Hu -- 2008 -- International Human Design School (IHDS) -- 920f0d94c1ad3ce3c01210b48e8e368d -- Anna’s Archive.pdf","hd/Personality Resonance Mapping - The Way of the Mind -- Ra Uru Hu -- 2008 -- International Human Design School (IHDS) -- 920f0d94c1ad3ce3c01210b48e8e368d -- Anna’s Archive.pdf","hd","ok","yes","yes","yes","Ra-Linie: drei Paesse."
"Post-Graduate Rave Psychology -- Ra Uru Hu -- 2010 -- International Human Design School (IHDS) -- d936287b07b5c89c3a0a9666a0e9aec8 -- Anna’s Archive.pdf","hd/Post-Graduate Rave Psychology -- Ra Uru Hu -- 2010 -- International Human Design School (IHDS) -- d936287b07b5c89c3a0a9666a0e9aec8 -- Anna’s Archive.pdf","hd","ok","yes","yes","yes","Ra-Linie: drei Paesse."
"PRIMARY HEALTH SYSTEM - Determination & Healing (Year 1, Sem 2 -- Ra Uru Hu -- PHS Practitioner Program, 2006 -- 8454b6e1de0d50be5382b728c2536498.pdf","hd/PRIMARY HEALTH SYSTEM - Determination & Healing (Year 1, Sem 2 -- Ra Uru Hu -- PHS Practitioner Program, 2006 -- 8454b6e1de0d50be5382b728c2536498.pdf","hd","ok","yes","yes","yes","Ra-Linie: drei Paesse."
"PRIMARY HEALTH SYSTEM - Determination and Healing (Year 1, Sem 3 -- Ra Uru Hu -- PHS Analyst Certification Program, 2008 -- a8920ee4ff8589ccefe7447a83745005.pdf","hd/PRIMARY HEALTH SYSTEM - Determination and Healing (Year 1, Sem 3 -- Ra Uru Hu -- PHS Analyst Certification Program, 2008 -- a8920ee4ff8589ccefe7447a83745005.pdf","hd","ok","yes","yes","yes","Ra-Linie: drei Paesse."
"PRIMARY HEALTH SYSTEM - The Mechanics of the Vehicle (Year 1, Sem 1 -- Ra Uru Hu -- PHS Analyst Certification Program, 2006 -- 00f3848700fdc92aa6cb3cb0f9cdfa28.pdf","hd/PRIMARY HEALTH SYSTEM - The Mechanics of the Vehicle (Year 1, Sem 1 -- Ra Uru Hu -- PHS Analyst Certification Program, 2006 -- 00f3848700fdc92aa6cb3cb0f9cdfa28.pdf","hd","ok","yes","yes","yes","Ra-Linie: drei Paesse."
"Projector Empowerment - Part 1_ Lectures -- Ra Uru Hu -- Projector Empowerment - Part 1 -- Jovian Archive -- 8e2f39b9ed00432370c0a9a301c42192 -- Anna’s Archive.pdf","hd/Projector Empowerment - Part 1_ Lectures -- Ra Uru Hu -- Projector Empowerment - Part 1 -- Jovian Archive -- 8e2f39b9ed00432370c0a9a301c42192 -- Anna’s Archive.pdf","hd","ok","yes","yes","yes","Ra-Linie: drei Paesse."
"Quarters and Angles -- Ra Uru Hu -- International Human Design School -- bb1ced1468705ddbd18f7b7817702c0b -- Anna’s Archive.pdf","hd/Quarters and Angles -- Ra Uru Hu -- International Human Design School -- bb1ced1468705ddbd18f7b7817702c0b -- Anna’s Archive.pdf","hd","ok","yes","yes","yes","Ra-Linie: drei Paesse."
"Radical Transformations - The Four Lectures -- Ra Uru Hu -- 2010 -- International Human Design School (IHDS) -- 5bc25cd499d24503c478db7302fd2aae -- Anna’s Archive.pdf","hd/Radical Transformations - The Four Lectures -- Ra Uru Hu -- 2010 -- International Human Design School (IHDS) -- 5bc25cd499d24503c478db7302fd2aae -- Anna’s Archive.pdf","hd","ok","yes","yes","yes","Ra-Linie: drei Paesse."
"Rave Anatomy I - Mapping the Mechanics of the Maia -- Ra Uru Hu -- Rave Anatomy, 2012 -- International Human Design School -- 096c16f8c017f28e496da10466fd8b47 -- Anna’s Archive.pdf","hd/Rave Anatomy I - Mapping the Mechanics of the Maia -- Ra Uru Hu -- Rave Anatomy, 2012 -- International Human Design School -- 096c16f8c017f28e496da10466fd8b47 -- Anna’s Archive.pdf","hd","ok","yes","yes","yes","Ra-Linie: drei Paesse."
"Rave Anatomy II - The Awareness Lectures -- Ra Uru Hu -- Rave Anatomy, 2012 -- International Human Design School -- fc741e103b06d255fe5ffaf80a42ecea -- Anna’s Archive.pdf","hd/Rave Anatomy II - The Awareness Lectures -- Ra Uru Hu -- Rave Anatomy, 2012 -- International Human Design School -- fc741e103b06d255fe5ffaf80a42ecea -- Anna’s Archive.pdf","hd","ok","yes","yes","yes","Ra-Linie: drei Paesse."
"Rave BodyGraph Circuitry -- Ra Uru Hu -- 2012 -- 729f3b4516a4b6caca7cb0b0205432e7 -- Anna’s Archive.pdf","hd/Rave BodyGraph Circuitry -- Ra Uru Hu -- 2012 -- 729f3b4516a4b6caca7cb0b0205432e7 -- Anna’s Archive.pdf","hd","ok","yes","yes","yes","Ra-Linie: drei Paesse."
"Rave Cosmology III_ Dying Death and the Bardo Stages -- Ra Uru Hu -- 47f60cd1ca56644008c3cf38d1e9d0a1 -- Anna’s Archive.pdf","hd/Rave Cosmology III_ Dying Death and the Bardo Stages -- Ra Uru Hu -- 47f60cd1ca56644008c3cf38d1e9d0a1 -- Anna’s Archive.pdf","hd","ok","yes","yes","yes","Ra-Linie: drei Paesse."
"Rave Cosmology II_ The six mystical ways -- Ra Uru Hu -- 977fa1f53f6aaf90df5be6afc09c3807 -- Anna’s Archive.pdf","hd/Rave Cosmology II_ The six mystical ways -- Ra Uru Hu -- 977fa1f53f6aaf90df5be6afc09c3807 -- Anna’s Archive.pdf","hd","ok","yes","yes","yes","Ra-Linie: drei Paesse."
"Rave Cosmology I_ Bhan Tugh -- Ra Uru Hu -- c2d7ffbe32eb56f548305eadd9b23711 -- Anna’s Archive.pdf","hd/Rave Cosmology I_ Bhan Tugh -- Ra Uru Hu -- c2d7ffbe32eb56f548305eadd9b23711 -- Anna’s Archive.pdf","hd","ok","yes","yes","yes","Ra-Linie: drei Paesse."
"Rave Cosmology VIII Mystic Monologues -- Ra Uru Hu -- fe799c279b2cc636dfabc384215c309e -- Anna’s Archive.pdf","hd/Rave Cosmology VIII Mystic Monologues -- Ra Uru Hu -- fe799c279b2cc636dfabc384215c309e -- Anna’s Archive.pdf","hd","ok","yes","yes","yes","Ra-Linie: drei Paesse."
"Rave Psychology - Personality External color book (Black -- Ra Uru Hu -- 2008 -- International Human Design School (IHDS) -- cc6cfc6f9f1415d7223a6a3aa26eda49 -- Anna’s Archive.pdf","hd/Rave Psychology - Personality External color book (Black -- Ra Uru Hu -- 2008 -- International Human Design School (IHDS) -- cc6cfc6f9f1415d7223a6a3aa26eda49 -- Anna’s Archive.pdf","hd","ok","yes","yes","yes","Ra-Linie: drei Paesse."
"Rave Psychology - Personality External color book (White -- Ra Uru Hu -- International Human Design School (IHDS) -- 0e057eb7191fd94fc132c85cb6eb170b -- Anna’s Archive.pdf","hd/Rave Psychology - Personality External color book (White -- Ra Uru Hu -- International Human Design School (IHDS) -- 0e057eb7191fd94fc132c85cb6eb170b -- Anna’s Archive.pdf","hd","ok","yes","yes","yes","Ra-Linie: drei Paesse."
"Scenes From The Cross Of Life_ The Nodal Environments(Human -- Ra Uru Hu -- 2005 -- 63dd10d18975b7ccd26e6647c2dd8491 -- Anna’s Archive.pdf","hd/Scenes From The Cross Of Life_ The Nodal Environments(Human -- Ra Uru Hu -- 2005 -- 63dd10d18975b7ccd26e6647c2dd8491 -- Anna’s Archive.pdf","hd","ok","yes","yes","yes","Ra-Linie: drei Paesse."
"The 36 Roles - Genetic Continuity and Mastery of Lines -- Ra Uru Hu -- 2010 -- 8ef5416367bdef874b16bc5d1c676e7e -- Anna’s Archive.pdf","hd/The 36 Roles - Genetic Continuity and Mastery of Lines -- Ra Uru Hu -- 2010 -- 8ef5416367bdef874b16bc5d1c676e7e -- Anna’s Archive.pdf","hd","ok","yes","yes","yes","Ra-Linie: drei Paesse."
"The Black Book -- Ra Uru Hu -- International Human Design School -- 891d99a7ae3999bd54ad16acc8d30cb7 -- Anna’s Archive.pdf","hd/The Black Book -- Ra Uru Hu -- International Human Design School -- 891d99a7ae3999bd54ad16acc8d30cb7 -- Anna’s Archive.pdf","hd","ok","yes","yes","yes","Ra-Linie: drei Paesse."
"The Complete Rave I'Ching -- Ra Uru Hu -- 2011 -- Human Design America -- 9daaa92ce652fb06739333271bf7f3fe -- Anna’s Archive.pdf","hd/The Complete Rave I'Ching -- Ra Uru Hu -- 2011 -- Human Design America -- 9daaa92ce652fb06739333271bf7f3fe -- Anna’s Archive.pdf","hd","ok","yes","yes","yes","Ra-Linie: drei Paesse."
"The Four Views -- Ra Uru Hu -- 2007 -- Jovian Archive Corporation -- b7345d74e5d85ab9fc4a7f3ed48f8f70 -- Anna’s Archive.pdf","hd/The Four Views -- Ra Uru Hu -- 2007 -- Jovian Archive Corporation -- b7345d74e5d85ab9fc4a7f3ed48f8f70 -- Anna’s Archive.pdf","hd","ok","yes","yes","yes","Ra-Linie: drei Paesse."
"The Human Design System - A Complete Guide -- Ra Uru Hu -- 2012 -- International Human Design School (IHDS) -- 0ab49372f4a7e53fa8234071d2936aab -- Anna’s Archive.pdf","hd/The Human Design System - A Complete Guide -- Ra Uru Hu -- 2012 -- International Human Design School (IHDS) -- 0ab49372f4a7e53fa8234071d2936aab -- Anna’s Archive.pdf","hd","ok","yes","yes","yes","Ra-Linie: drei Paesse."
"The Human Design System - Sex Manual -- Ra Uru Hu -- 1996 -- 4688baa6786530ab2b9f155594a5f359 -- Anna’s Archive.pdf","hd/The Human Design System - Sex Manual -- Ra Uru Hu -- 1996 -- 4688baa6786530ab2b9f155594a5f359 -- Anna’s Archive.pdf","hd","ok","yes","yes","yes","Ra-Linie: drei Paesse."
"The Incarnation Cross Clinic _ Lectures Day 1 _ Part 1 and 2 -- Ra Uru Hu -- 2022 -- Jovian Archive -- 5c5682e5f4a150394df3073c10571fc9 -- Anna’s Archive.pdf","hd/The Incarnation Cross Clinic _ Lectures Day 1 _ Part 1 and 2 -- Ra Uru Hu -- 2022 -- Jovian Archive -- 5c5682e5f4a150394df3073c10571fc9 -- Anna’s Archive.pdf","hd","ok","yes","yes","yes","Ra-Linie: drei Paesse."
"The Life Force - The Channels -- Ra Uru Hu -- 0709f47812468b7c9765dc7de254234a -- Anna’s Archive.pdf","hd/The Life Force - The Channels -- Ra Uru Hu -- 0709f47812468b7c9765dc7de254234a -- Anna’s Archive.pdf","hd","ok","yes","yes","yes","Ra-Linie: drei Paesse."
"The Not-Self 人類設計) -- Ra Uru Hu -- 2008 -- d85fb70864f5afff46cb0dd7165f5e71 -- Anna’s Archive.pdf","hd/The Not-Self 人類設計) -- Ra Uru Hu -- 2008 -- d85fb70864f5afff46cb0dd7165f5e71 -- Anna’s Archive.pdf","hd","ok","yes","yes","yes","Ra-Linie: drei Paesse."
"The Six Lines - The Decoding of the Hexagramm -- Ra Uru Hu -- 2008 -- International Human Design School (IHDS) -- 7cfa3b4fc6f59258346abb4c1771bad5 -- Anna’s Archive.pdf","hd/The Six Lines - The Decoding of the Hexagramm -- Ra Uru Hu -- 2008 -- International Human Design School (IHDS) -- 7cfa3b4fc6f59258346abb4c1771bad5 -- Anna’s Archive.pdf","hd","ok","yes","yes","yes","Ra-Linie: drei Paesse."
"Understanding the Planets in our Design - A COURSE IN -- Ra Uru Hu; Richard Rudd -- 2003 -- 0f6000a382df606300cf32dada9889a1 -- Anna’s Archive.pdf","hd/Understanding the Planets in our Design - A COURSE IN -- Ra Uru Hu; Richard Rudd -- 2003 -- 0f6000a382df606300cf32dada9889a1 -- Anna’s Archive.pdf","hd","ok","yes","yes","yes","Ra-Linie: drei Paesse."
"I Ching =_ The classic of changes -- Shaughnessy, Edward L_, 1952- -- Classics of ancient China, 1st ed_, New York, New York -- New York _ Ballantine -- isbn13 9780345362438 -- 6fdd8fb06918b30ffea37cd81d4acf48 -- Anna’s Archive.pdf","I Ching/I Ching =_ The classic of changes -- Shaughnessy, Edward L_, 1952- -- Classics of ancient China, 1st ed_, New York, New York -- New York _ Ballantine -- isbn13 9780345362438 -- 6fdd8fb06918b30ffea37cd81d4acf48 -- Anna’s Archive.pdf","i_ching","ok","yes","yes","optional","K2+K3 priorisieren; K4 optional."
"I Ching_ The Classic Chinese Oracle of Change [The First -- Rudolf and Stephen Karcher (translated by) Ritsema -- New York, New York State, 1995 -- isbn13 9781566199452 -- ebc4ca2fbe7f0152a22cdb8179a91453 -- Anna’s Archive.pdf","I Ching/I Ching_ The Classic Chinese Oracle of Change [The First -- Rudolf and Stephen Karcher (translated by) Ritsema -- New York, New York State, 1995 -- isbn13 9781566199452 -- ebc4ca2fbe7f0152a22cdb8179a91453 -- Anna’s Archive.pdf","i_ching","ok","yes","yes","optional","K2+K3 priorisieren; K4 optional."
"The complete I Ching -- Alfred  Huang -- isbn13 9781594773860 -- b260a45fecafe85653a5a9f9812141aa -- Anna’s Archive.pdf","I Ching/The complete I Ching -- Alfred  Huang -- isbn13 9781594773860 -- b260a45fecafe85653a5a9f9812141aa -- Anna’s Archive.pdf","i_ching","ok","yes","yes","optional","K2+K3 priorisieren; K4 optional."
"The I Ching or Book of Changes -- Richard (translator) ; Baynes, Cary F_ Wilhem -- Bollingen Series, 2013 -- Princeton University Press -- isbn13 9780691001715 -- ab1b320b884e83b951e57ff49d824621 -- Anna’s Archive.pdf","I Ching/The I Ching or Book of Changes -- Richard (translator) ; Baynes, Cary F_ Wilhem -- Bollingen Series, 2013 -- Princeton University Press -- isbn13 9780691001715 -- ab1b320b884e83b951e57ff49d824621 -- Anna’s Archive.pdf","i_ching","ok","yes","yes","optional","K2+K3 priorisieren; K4 optional."
"The I Ching, or, Book of Changes (Bollingen Series XIX) -- Wilhelm and Baynes, trans_ -- Bollingen series, 19, 3d ed_], eighth printing, November -- isbn13 9780691097503 -- f53e2237935cf72214e6a2bcb0ad5b95 -- Anna’s Archive.pdf","I Ching/The I Ching, or, Book of Changes (Bollingen Series XIX) -- Wilhelm and Baynes, trans_ -- Bollingen series, 19, 3d ed_], eighth printing, November -- isbn13 9780691097503 -- f53e2237935cf72214e6a2bcb0ad5b95 -- Anna’s Archive.pdf","i_ching","ok","yes","yes","optional","K2+K3 priorisieren; K4 optional."
"Understanding the I ching _ the Wilhelm lectures on the -- Wilhelm, Hellmut & Richard (Tr_ Cary Banes & Irene Eber) -- Bollingen Series XIX _ 2, -- isbn13 9780691001715 -- d7ccdfc52e41f03909ad6b37e83ee89a -- Anna’s Archive.pdf","I Ching/Understanding the I ching _ the Wilhelm lectures on the -- Wilhelm, Hellmut & Richard (Tr_ Cary Banes & Irene Eber) -- Bollingen Series XIX _ 2, -- isbn13 9780691001715 -- d7ccdfc52e41f03909ad6b37e83ee89a -- Anna’s Archive.pdf","i_ching","ok","yes","yes","optional","K2+K3 priorisieren; K4 optional."
"Unearthing the Changes_ Recently Discovered Manuscripts of -- Shaughnessy, Edward L_; -- 1, 1, 2014 -- 8dcb2be4ef8d88e8bdda28ef43b81967 -- Anna’s Archive.pdf","I Ching/Unearthing the Changes_ Recently Discovered Manuscripts of -- Shaughnessy, Edward L_; -- 1, 1, 2014 -- 8dcb2be4ef8d88e8bdda28ef43b81967 -- Anna’s Archive.pdf","i_ching","ok","yes","yes","optional","K2+K3 priorisieren; K4 optional."
"alterna K3 schule Brhajjatakam = Varahamihira's Brihat jataka -- India, 1929 -- oclc 6359909 -- fb662e0ccbaa57e48c781cacad32401e.zip","jyotish/alterna K3 schule Brhajjatakam = Varahamihira's Brihat jataka -- India, 1929 -- oclc 6359909 -- fb662e0ccbaa57e48c781cacad32401e.zip","jyotish","ok","yes","yes","optional","K2+K3 priorisieren; K4 optional."
"Brihat Parasara Hora Sastra 1 -- Maharshi Parasara -- 1, 1984 -- Ranjan Publications -- 8d0c28cbdc3327fdb3737efba478b3a3 -- Anna’s Archive.pdf","jyotish/K2+K3/Brihat Parasara Hora Sastra 1 -- Maharshi Parasara -- 1, 1984 -- Ranjan Publications -- 8d0c28cbdc3327fdb3737efba478b3a3 -- Anna’s Archive.pdf","jyotish","ok","yes","yes","optional","K2+K3 priorisieren; K4 optional."
"Brihat Parasara Hora Sastra 2 -- Maharshi Parasara -- 2, 1984 -- Ranjan Publications -- 8d473cc1a9db6764372f0c4b31729147 -- Anna’s Archive.pdf","jyotish/K2+K3/Brihat Parasara Hora Sastra 2 -- Maharshi Parasara -- 2, 1984 -- Ranjan Publications -- 8d473cc1a9db6764372f0c4b31729147 -- Anna’s Archive.pdf","jyotish","ok","yes","yes","optional","K2+K3 priorisieren; K4 optional."
"Light on life _ an introduction to the astrology of India -- Hart Defouw and Robert Svoboda -- London, New York, England, 1996 -- Penguin Books -- isbn13 9780140195071 -- 81490ad9494f115208db4b55aae71e60 -- Anna’s Archive.pdf","jyotish/K4/Light on life _ an introduction to the astrology of India -- Hart Defouw and Robert Svoboda -- London, New York, England, 1996 -- Penguin Books -- isbn13 9780140195071 -- 81490ad9494f115208db4b55aae71e60 -- Anna’s Archive.pdf","jyotish","ok","yes","yes","optional","K2+K3 priorisieren; K4 optional."
"777 and other Qabalistic writings of Aleister Crowley _ -- Aleister Crowley, Israel Regardie, Israel Regardie -- 1st pbk_ ed, York Beach, Me, 1986, -- isbn13 9780877282228 -- 5c7ac7e6c873b99be7191f22d5be718a -- Anna’s Archive.pdf","kabalah/777 and other Qabalistic writings of Aleister Crowley _ -- Aleister Crowley, Israel Regardie, Israel Regardie -- 1st pbk_ ed, York Beach, Me, 1986, -- isbn13 9780877282228 -- 5c7ac7e6c873b99be7191f22d5be718a -- Anna’s Archive.pdf","kabbalah_jewish","ok","yes","yes","optional","K2+K3 priorisieren; K4 optional."
"777 and other Qabalistic writings of Aleister Crowley _ -- Aleister Crowley; Israel Regardie; C_ Allan Bennett -- 1st pbk_ ed, York Beach, Me, 1986, -- isbn13 9780877282228 -- 5ddcfe53fd6cc1e6464e12199e8ade4a -- Anna’s Archive.pdf","kabalah/777 and other Qabalistic writings of Aleister Crowley _ -- Aleister Crowley; Israel Regardie; C_ Allan Bennett -- 1st pbk_ ed, York Beach, Me, 1986, -- isbn13 9780877282228 -- 5ddcfe53fd6cc1e6464e12199e8ade4a -- Anna’s Archive.pdf","kabbalah_jewish","ok","yes","yes","optional","K2+K3 priorisieren; K4 optional."
"A Garden of Pomegranates -- Israel Regardie -- 2007 -- 0f02208bd9ac7c63c0e3a95b07eac905 -- Anna’s Archive.pdf","kabalah/A Garden of Pomegranates -- Israel Regardie -- 2007 -- 0f02208bd9ac7c63c0e3a95b07eac905 -- Anna’s Archive.pdf","kabbalah_jewish","ok","yes","yes","optional","K2+K3 priorisieren; K4 optional."
"Kabbalah _ New Perspectives -- Moshe Idel -- Yale University Press, New Haven, 1988 -- Yale University Press -- isbn13 9780300038606 -- f6394cbb164fd29b100f78a4ce86469d -- Anna’s Archive.pdf","kabalah/Kabbalah _ New Perspectives -- Moshe Idel -- Yale University Press, New Haven, 1988 -- Yale University Press -- isbn13 9780300038606 -- f6394cbb164fd29b100f78a4ce86469d -- Anna’s Archive.pdf","kabbalah_jewish","ok","yes","yes","optional","K2+K3 priorisieren; K4 optional."
"Kabbalah _ New Perspectives -- Professor Moshe Idel -- Place of publication not identified, 1990 -- Yale University Press -- isbn13 9780300038606 -- c0d848928c8ae3cdfab4f0bb407c6c58 -- Anna’s Archive.pdf","kabalah/Kabbalah _ New Perspectives -- Professor Moshe Idel -- Place of publication not identified, 1990 -- Yale University Press -- isbn13 9780300038606 -- c0d848928c8ae3cdfab4f0bb407c6c58 -- Anna’s Archive.pdf","kabbalah_jewish","ok","yes","yes","optional","K2+K3 priorisieren; K4 optional."
"Kabbalah_ A Guide to Qabalah, Jewish Mysticism, Sefer -- Silva, Mari -- 2021 -- 7a1ae2b00e2501e9700460eea57813c3 -- Anna’s Archive.epub","kabalah/Kabbalah_ A Guide to Qabalah, Jewish Mysticism, Sefer -- Silva, Mari -- 2021 -- 7a1ae2b00e2501e9700460eea57813c3 -- Anna’s Archive.epub","kabbalah_jewish","ok","yes","yes","optional","K2+K3 priorisieren; K4 optional."
"Major trends in Jewish mysticism -- Gershom Scholem -- 2017 -- 9a943b0380598afbe9f73f923ac5bf91 -- Anna’s Archive.pdf","kabalah/Major trends in Jewish mysticism -- Gershom Scholem -- 2017 -- 9a943b0380598afbe9f73f923ac5bf91 -- Anna’s Archive.pdf","kabbalah_jewish","ok","yes","yes","optional","K2+K3 priorisieren; K4 optional."
"On the Mystical Shape of the Godhead_ Basic Concepts in the -- Gershom Scholem; Joachim Neugroschel -- Mysticism & Kabbalah, 1997 -- Schocken Books, -- isbn13 9780307787026 -- d400d46338607f880f47f2c689ef4685 -- Anna’s Archive.pdf","kabalah/On the Mystical Shape of the Godhead_ Basic Concepts in the -- Gershom Scholem; Joachim Neugroschel -- Mysticism & Kabbalah, 1997 -- Schocken Books, -- isbn13 9780307787026 -- d400d46338607f880f47f2c689ef4685 -- Anna’s Archive.pdf","kabbalah_jewish","ok","yes","yes","optional","K2+K3 priorisieren; K4 optional."
"The Bahir _ Illumination -- Aryeh Kaplan; Neḥunya ben ha-Kanah -- San Francisco, Calif, 2001 -- Weiser Books -- isbn13 9780877286189 -- 53b8f1f2738033bf67e2e383f2236440 -- Anna’s Archive.epub","kabalah/The Bahir _ Illumination -- Aryeh Kaplan; Neḥunya ben ha-Kanah -- San Francisco, Calif, 2001 -- Weiser Books -- isbn13 9780877286189 -- 53b8f1f2738033bf67e2e383f2236440 -- Anna’s Archive.epub","kabbalah_jewish","ok","yes","yes","optional","K2+K3 priorisieren; K4 optional."
"The Book of Creation ; in theory and practice, Sefer Yetzirah -- isbn13 9780877288558 -- 8458154f0c2af9be777d2744eb7292a4 -- Anna’s Archive.pdf","kabalah/The Book of Creation ; in theory and practice, Sefer Yetzirah -- isbn13 9780877288558 -- 8458154f0c2af9be777d2744eb7292a4 -- Anna’s Archive.pdf","kabbalah_jewish","ok","yes","yes","optional","K2+K3 priorisieren; K4 optional."
"The Middle Pillar -- Israel Regardie -- 2005 -- 409de07045bce7c1fb59c15704835b4c -- Anna’s Archive.pdf","kabalah/The Middle Pillar -- Israel Regardie -- 2005 -- 409de07045bce7c1fb59c15704835b4c -- Anna’s Archive.pdf","kabbalah_jewish","ok","yes","yes","optional","K2+K3 priorisieren; K4 optional."
"The Mystical Qabalah -- Dion Fortune -- 2019 -- Global Grey -- 4bea12dd404ef9eb716f50e7b5b4c9b8 -- Anna’s Archive.pdf","kabalah/The Mystical Qabalah -- Dion Fortune -- 2019 -- Global Grey -- 4bea12dd404ef9eb716f50e7b5b4c9b8 -- Anna’s Archive.pdf","kabbalah_jewish","ok","yes","yes","optional","K2+K3 priorisieren; K4 optional."
"Weiser, LLC, York Beach, Me, 1997 -- Weiser -- isbn13 9780877288558 -- 8458154f0c2af9be777d2744eb7292a4 -- Anna’s Archive.pdf","kabalah/Weiser, LLC, York Beach, Me, 1997 -- Weiser -- isbn13 9780877288558 -- 8458154f0c2af9be777d2744eb7292a4 -- Anna’s Archive.pdf","kabbalah_jewish","ok","yes","yes","optional","K2+K3 priorisieren; K4 optional."
"777 and other Qabalistic writings of Aleister Crowley _ -- Aleister Crowley, Israel Regardie, Israel Regardie -- 1st pbk_ ed, York Beach, Me, 1986, -- isbn13 9780877282228 -- 5c7ac7e6c873b99be7191f22d5be718a -- Anna’s Archive.pdf","kabalah/kabbalah_hermetic/777 and other Qabalistic writings of Aleister Crowley _ -- Aleister Crowley, Israel Regardie, Israel Regardie -- 1st pbk_ ed, York Beach, Me, 1986, -- isbn13 9780877282228 -- 5c7ac7e6c873b99be7191f22d5be718a -- Anna’s Archive.pdf","kabbalah_jewish","ok","yes","yes","optional","K2+K3 priorisieren; K4 optional."
"777 and other Qabalistic writings of Aleister Crowley _ -- Aleister Crowley; Israel Regardie; C_ Allan Bennett -- 1st pbk_ ed, York Beach, Me, 1986, -- isbn13 9780877282228 -- 5ddcfe53fd6cc1e6464e12199e8ade4a -- Anna’s Archive.pdf","kabalah/kabbalah_hermetic/777 and other Qabalistic writings of Aleister Crowley _ -- Aleister Crowley; Israel Regardie; C_ Allan Bennett -- 1st pbk_ ed, York Beach, Me, 1986, -- isbn13 9780877282228 -- 5ddcfe53fd6cc1e6464e12199e8ade4a -- Anna’s Archive.pdf","kabbalah_jewish","ok","yes","yes","optional","K2+K3 priorisieren; K4 optional."
"A Garden of Pomegranates -- Israel Regardie -- 2007 -- 0f02208bd9ac7c63c0e3a95b07eac905 -- Anna’s Archive.pdf","kabalah/kabbalah_hermetic/A Garden of Pomegranates -- Israel Regardie -- 2007 -- 0f02208bd9ac7c63c0e3a95b07eac905 -- Anna’s Archive.pdf","kabbalah_jewish","ok","yes","yes","optional","K2+K3 priorisieren; K4 optional."
"The Middle Pillar -- Israel Regardie -- 2005 -- 409de07045bce7c1fb59c15704835b4c -- Anna’s Archive.pdf","kabalah/kabbalah_hermetic/The Middle Pillar -- Israel Regardie -- 2005 -- 409de07045bce7c1fb59c15704835b4c -- Anna’s Archive.pdf","kabbalah_jewish","ok","yes","yes","optional","K2+K3 priorisieren; K4 optional."
"The Mystical Qabalah -- Dion Fortune -- 2019 -- Global Grey -- 4bea12dd404ef9eb716f50e7b5b4c9b8 -- Anna’s Archive.pdf","kabalah/kabbalah_hermetic/The Mystical Qabalah -- Dion Fortune -- 2019 -- Global Grey -- 4bea12dd404ef9eb716f50e7b5b4c9b8 -- Anna’s Archive.pdf","kabbalah_jewish","ok","yes","yes","optional","K2+K3 priorisieren; K4 optional."
"Kabbalah _ New Perspectives -- Moshe Idel -- Yale University Press, New Haven, 1988 -- Yale University Press -- isbn13 9780300038606 -- f6394cbb164fd29b100f78a4ce86469d -- Anna’s Archive.pdf","kabalah/kabbalah_jewish/Kabbalah _ New Perspectives -- Moshe Idel -- Yale University Press, New Haven, 1988 -- Yale University Press -- isbn13 9780300038606 -- f6394cbb164fd29b100f78a4ce86469d -- Anna’s Archive.pdf","kabbalah_jewish","ok","yes","yes","optional","K2+K3 priorisieren; K4 optional."
"Kabbalah _ New Perspectives -- Professor Moshe Idel -- Place of publication not identified, 1990 -- Yale University Press -- isbn13 9780300038606 -- c0d848928c8ae3cdfab4f0bb407c6c58 -- Anna’s Archive.pdf","kabalah/kabbalah_jewish/Kabbalah _ New Perspectives -- Professor Moshe Idel -- Place of publication not identified, 1990 -- Yale University Press -- isbn13 9780300038606 -- c0d848928c8ae3cdfab4f0bb407c6c58 -- Anna’s Archive.pdf","kabbalah_jewish","ok","yes","yes","optional","K2+K3 priorisieren; K4 optional."
"Kabbalah_ A Guide to Qabalah, Jewish Mysticism, Sefer -- Silva, Mari -- 2021 -- 7a1ae2b00e2501e9700460eea57813c3 -- Anna’s Archive.epub","kabalah/kabbalah_jewish/Kabbalah_ A Guide to Qabalah, Jewish Mysticism, Sefer -- Silva, Mari -- 2021 -- 7a1ae2b00e2501e9700460eea57813c3 -- Anna’s Archive.epub","kabbalah_jewish","ok","yes","yes","optional","K2+K3 priorisieren; K4 optional."
"Major trends in Jewish mysticism -- Gershom Scholem -- 2017 -- 9a943b0380598afbe9f73f923ac5bf91 -- Anna’s Archive.pdf","kabalah/kabbalah_jewish/Major trends in Jewish mysticism -- Gershom Scholem -- 2017 -- 9a943b0380598afbe9f73f923ac5bf91 -- Anna’s Archive.pdf","kabbalah_jewish","ok","yes","yes","optional","K2+K3 priorisieren; K4 optional."
"On the Mystical Shape of the Godhead_ Basic Concepts in the -- Gershom Scholem; Joachim Neugroschel -- Mysticism & Kabbalah, 1997 -- Schocken Books, -- isbn13 9780307787026 -- d400d46338607f880f47f2c689ef4685 -- Anna’s Archive.pdf","kabalah/kabbalah_jewish/On the Mystical Shape of the Godhead_ Basic Concepts in the -- Gershom Scholem; Joachim Neugroschel -- Mysticism & Kabbalah, 1997 -- Schocken Books, -- isbn13 9780307787026 -- d400d46338607f880f47f2c689ef4685 -- Anna’s Archive.pdf","kabbalah_jewish","ok","yes","yes","optional","K2+K3 priorisieren; K4 optional."
"The Bahir _ Illumination -- Aryeh Kaplan; Neḥunya ben ha-Kanah -- San Francisco, Calif, 2001 -- Weiser Books -- isbn13 9780877286189 -- 53b8f1f2738033bf67e2e383f2236440 -- Anna’s Archive.epub","kabalah/kabbalah_jewish/The Bahir _ Illumination -- Aryeh Kaplan; Neḥunya ben ha-Kanah -- San Francisco, Calif, 2001 -- Weiser Books -- isbn13 9780877286189 -- 53b8f1f2738033bf67e2e383f2236440 -- Anna’s Archive.epub","kabbalah_jewish","ok","yes","yes","optional","K2+K3 priorisieren; K4 optional."
"2022 Quantum Human Design Evolution Guide_ Using Solar -- Karen Curry Parker -- 2022 -- Human Design Press -- 02c07d826099b19160f39bfbc93e4b7b -- Anna’s Archive.pdf","other_hd/2022 Quantum Human Design Evolution Guide_ Using Solar -- Karen Curry Parker -- 2022 -- Human Design Press -- 02c07d826099b19160f39bfbc93e4b7b -- Anna’s Archive.pdf","hd","ok","optional","yes","yes","Nicht-Ra: K3/K4 priorisieren."
"Abundance by Design -- Karen Curry Parker -- 2016 -- GracePoint Matrix, LLC -- 7d15b7564a6b0884606cf125f9b2d80b -- Anna’s Archive.pdf","other_hd/Abundance by Design -- Karen Curry Parker -- 2016 -- GracePoint Matrix, LLC -- 7d15b7564a6b0884606cf125f9b2d80b -- Anna’s Archive.pdf","hd","ok","optional","yes","yes","Nicht-Ra: K3/K4 priorisieren."
"BaanTu_ The Key to Your Nature and Life 1 -- Steve Rhodes -- The Human Design Trilogy, 1, 3, 2015 -- RME Publishing -- 5692198d2741d2298007eec1b5278850 -- Anna’s Archive.pdf","other_hd/BaanTu_ The Key to Your Nature and Life 1 -- Steve Rhodes -- The Human Design Trilogy, 1, 3, 2015 -- RME Publishing -- 5692198d2741d2298007eec1b5278850 -- Anna’s Archive.pdf","hd","ok","optional","yes","yes","Nicht-Ra: K3/K4 priorisieren."
"How Do You Choose_ -- Erin Claire Jones -- 2025 -- HarperCollins -- 7db4160418580ac8fd422e29bdd3142d -- Anna’s Archive.epub","other_hd/How Do You Choose_ -- Erin Claire Jones -- 2025 -- HarperCollins -- 7db4160418580ac8fd422e29bdd3142d -- Anna’s Archive.epub","hd","ok","optional","yes","yes","Nicht-Ra: K3/K4 priorisieren."
"Human Design Made Simple_ Unlock Your Strengths and Discover -- Emma Dunwoody -- 2025 -- Penguin Publishing Group -- d6aa37ca4a12ffeb0febf87186efa0bb -- Anna’s Archive.epub","other_hd/Human Design Made Simple_ Unlock Your Strengths and Discover -- Emma Dunwoody -- 2025 -- Penguin Publishing Group -- d6aa37ca4a12ffeb0febf87186efa0bb -- Anna’s Archive.epub","hd","ok","optional","yes","yes","Nicht-Ra: K3/K4 priorisieren."
"Human Design System - The Centres -- Peter Schoeber -- 2014 -- Human Design Services -- 87fa16d779ca4813d97e4cd989917b78 -- Anna’s Archive.pdf","other_hd/Human Design System - The Centres -- Peter Schoeber -- 2014 -- Human Design Services -- 87fa16d779ca4813d97e4cd989917b78 -- Anna’s Archive.pdf","hd","ok","optional","yes","yes","Nicht-Ra: K3/K4 priorisieren."
"Human design _ how to read a graph -- Steve Rhodes -- The Human Design Trilogy, 1, 2015 -- Bhan Tugh Publishing -- isbn13 9781517749897 -- 64514fef20c1a7a6536f77126f3e93c9 -- Anna’s Archive.pdf","other_hd/Human design _ how to read a graph -- Steve Rhodes -- The Human Design Trilogy, 1, 2015 -- Bhan Tugh Publishing -- isbn13 9781517749897 -- 64514fef20c1a7a6536f77126f3e93c9 -- Anna’s Archive.pdf","hd","ok","optional","yes","yes","Nicht-Ra: K3/K4 priorisieren."
"Intro to Human Design System -- Karen Curry Parker -- 2019 -- 67a612e0cf6aa5326a738b4ae00a94f3 -- Anna’s Archive.pdf","other_hd/Intro to Human Design System -- Karen Curry Parker -- 2019 -- 67a612e0cf6aa5326a738b4ae00a94f3 -- Anna’s Archive.pdf","hd","ok","optional","yes","yes","Nicht-Ra: K3/K4 priorisieren."
"Quantum Activation Cards Companion Guidebook -- Karen Curry Parker -- 2021 -- Human Design Press -- 917d6c150b197216c43057f65515b7f2 -- Anna’s Archive.pdf","other_hd/Quantum Activation Cards Companion Guidebook -- Karen Curry Parker -- 2021 -- Human Design Press -- 917d6c150b197216c43057f65515b7f2 -- Anna’s Archive.pdf","hd","ok","optional","yes","yes","Nicht-Ra: K3/K4 priorisieren."
"Quantum Wellness -- Karen Curry Parker -- 2025 -- Human Design Press -- isbn13 9781961347830 -- 20ae81afcd903055a4ab48b6f81f39e3 -- Anna’s Archive.epub","other_hd/Quantum Wellness -- Karen Curry Parker -- 2025 -- Human Design Press -- isbn13 9781961347830 -- 20ae81afcd903055a4ab48b6f81f39e3 -- Anna’s Archive.epub","hd","ok","optional","yes","yes","Nicht-Ra: K3/K4 priorisieren."
"The Encyclopedia of Quantum Human Design -- Karen Curry Parker -- 4444078c55df635c975f0226d7f31de3 -- Anna’s Archive.pdf","other_hd/The Encyclopedia of Quantum Human Design -- Karen Curry Parker -- 4444078c55df635c975f0226d7f31de3 -- Anna’s Archive.pdf","hd","ok","optional","yes","yes","Nicht-Ra: K3/K4 priorisieren."
"The Human Design Workbook Karan Curry Parler -- isbn13 9781950253296 -- d49bb8e3d9789def3039c9ab5426dd5b -- Anna’s Archive.pdf","other_hd/The Human Design Workbook Karan Curry Parler -- isbn13 9781950253296 -- d49bb8e3d9789def3039c9ab5426dd5b -- Anna’s Archive.pdf","hd","ok","optional","yes","yes","Nicht-Ra: K3/K4 priorisieren."
"The Quantum Human -- Karen Curry Parker -- 2021 -- Human Design Press -- fc6bf768a95fdbeb3e45b8c42901a824 -- Anna’s Archive.pdf","other_hd/The Quantum Human -- Karen Curry Parker -- 2021 -- Human Design Press -- fc6bf768a95fdbeb3e45b8c42901a824 -- Anna’s Archive.pdf","hd","ok","optional","yes","yes","Nicht-Ra: K3/K4 priorisieren."
"Understanding Human Design _ The New Science of Astrology_ -- Karen Curry Parker -- Red Wheel_Weiser, LLC, [San Antonio, TX], 2013 -- Hierophant -- isbn13 9781461937036 -- 5675858164d1a9e48fe49f68430fef62 -- Anna’s Arch.epub","other_hd/Understanding Human Design _ The New Science of Astrology_ -- Karen Curry Parker -- Red Wheel_Weiser, LLC, [San Antonio, TX], 2013 -- Hierophant -- isbn13 9781461937036 -- 5675858164d1a9e48fe49f68430fef62 -- Anna’s Arch.epub","hd","ok","optional","yes","yes","Nicht-Ra: K3/K4 priorisieren."
"Understanding the Centers in Human Design_ The Facilitator's -- Robin Winn -- 2021 -- Difference Press -- a6cfe81a6b3b46e91737d7a7580d7179 -- Anna’s Archive.pdf","other_hd/Understanding the Centers in Human Design_ The Facilitator's -- Robin Winn -- 2021 -- Difference Press -- a6cfe81a6b3b46e91737d7a7580d7179 -- Anna’s Archive.pdf","hd","ok","optional","yes","yes","Nicht-Ra: K3/K4 priorisieren."
"Understanding the profiles in human design 3 3 -- Robin Winn MFT -- 3, 2022 -- Independently Published -- isbn13 9788443150797 -- b55f87117500f0f1992c87a3b6f9517e -- Anna’s Archive.pdf","other_hd/Understanding the profiles in human design 3 3 -- Robin Winn MFT -- 3, 2022 -- Independently Published -- isbn13 9788443150797 -- b55f87117500f0f1992c87a3b6f9517e -- Anna’s Archive.pdf","hd","ok","optional","yes","yes","Nicht-Ra: K3/K4 priorisieren."
"Understanding Your Clients through Human Design_ The -- Robin Winn -- Washington, DC, 2020 -- Difference Press -- isbn13 9781683092742 -- b4ac5db984c548915998fd96f39f8e27 -- Anna’s Archive.pdf","other_hd/Understanding Your Clients through Human Design_ The -- Robin Winn -- Washington, DC, 2020 -- Difference Press -- isbn13 9781683092742 -- b4ac5db984c548915998fd96f39f8e27 -- Anna’s Archive.pdf","hd","ok","optional","yes","yes","Nicht-Ra: K3/K4 priorisieren."
"Agnivesa's Caraka Samhita -- Volume 1, -- 1af09d91650870e127cab62d39a79858 -- Anna’s Archive.pdf","pancha_bhuta/Agnivesa's Caraka Samhita -- Volume 1, -- 1af09d91650870e127cab62d39a79858 -- Anna’s Archive.pdf","pancha_bhuta","ok","yes","yes","optional","K2+K3 priorisieren; K4 optional."
"Samkhya Karika Of Isvara Krsna -- Tattva Kaumudi -- 1995 -- Sri Ramakrishna Math -- bcdd18a9b20ad1ca802ff8368ccbb592 -- Anna’s Archive.pdf","pancha_bhuta/Samkhya Karika Of Isvara Krsna -- Tattva Kaumudi -- 1995 -- Sri Ramakrishna Math -- bcdd18a9b20ad1ca802ff8368ccbb592 -- Anna’s Archive.pdf","pancha_bhuta","ok","yes","yes","optional","K2+K3 priorisieren; K4 optional."
"Motilal Banarsidass Publishers Pvt_ Ltd_ Ayurvedic -- Frawley, David -- Reprint, Delhi, 2016, ©2005 -- Motilal Banarsidass, -- isbn13 9788120831346 -- f12b0e26a6571af967c8fdfd68b25de2 -- Anna’s Archive.pdf","pancha_bhuta/K3+K4/Motilal Banarsidass Publishers Pvt_ Ltd_ Ayurvedic -- Frawley, David -- Reprint, Delhi, 2016, ©2005 -- Motilal Banarsidass, -- isbn13 9788120831346 -- f12b0e26a6571af967c8fdfd68b25de2 -- Anna’s Archive.pdf","pancha_bhuta","ok","yes","yes","optional","K2+K3 priorisieren; K4 optional."
"Textbook of Ayurveda_ A history and philosophy of Ayurveda 1 -- Vasant Dattatray Lad; Glen Crowther; Yvonne Wylie Walston -- Albuquerque, N_M, -- isbn13 9781883725075 -- 7f9a22134bea8c6ad1dcaf2f63f7ef32 -- Anna’s Archive.pdf","pancha_bhuta/K3+K4/Textbook of Ayurveda_ A history and philosophy of Ayurveda 1 -- Vasant Dattatray Lad; Glen Crowther; Yvonne Wylie Walston -- Albuquerque, N_M, -- isbn13 9781883725075 -- 7f9a22134bea8c6ad1dcaf2f63f7ef32 -- Anna’s Archive.pdf","pancha_bhuta","ok","yes","yes","optional","K2+K3 priorisieren; K4 optional."
"The Sushruta samhita _ an English translation _ based on -- Kaviraj Kunjalal Bhishagratna -- New Delhi, 2006 -- Cosmo (Publications,India) -- isbn13 9788130702773 -- 6d7c8a8610d3a4f0c4556cc6a3d08bc1 -- Anna’s Archive.pdf","pancha_bhuta/K3+K4/The Sushruta samhita _ an English translation _ based on -- Kaviraj Kunjalal Bhishagratna -- New Delhi, 2006 -- Cosmo (Publications,India) -- isbn13 9788130702773 -- 6d7c8a8610d3a4f0c4556cc6a3d08bc1 -- Anna’s Archive.pdf","pancha_bhuta","ok","yes","yes","optional","K2+K3 priorisieren; K4 optional."
"The Sushruta samhita _ an English translation _ based on -- Kaviraj Kunjalal Bhishagratna -- New Delhi, 2006 -- Cosmo (Publications,India) -- isbn13 9788130702773 -- 6d7c8a8610d3a4f0c4556cc6a3d08bc1 -- Anna’s Archive.pdf","pancha_bhuta/P3/The Sushruta samhita _ an English translation _ based on -- Kaviraj Kunjalal Bhishagratna -- New Delhi, 2006 -- Cosmo (Publications,India) -- isbn13 9788130702773 -- 6d7c8a8610d3a4f0c4556cc6a3d08bc1 -- Anna’s Archive.pdf","pancha_bhuta","ok","yes","yes","optional","K2+K3 priorisieren; K4 optional."
"Dorotheus, Orpheus, Anubio & Pseudo-Valens_ Teachings on -- Dorotheus, Orpheus, Anubio & Pseudo-Valens, Robert Hand -- 1995 -- 2034771d5968de8d5a332bb062c9be3a -- Anna’s Archive.pdf","western_elements/Dorotheus, Orpheus, Anubio & Pseudo-Valens_ Teachings on -- Dorotheus, Orpheus, Anubio & Pseudo-Valens, Robert Hand -- 1995 -- 2034771d5968de8d5a332bb062c9be3a -- Anna’s Archive.pdf","western_elements","ok","yes","yes","optional","K2+K3 priorisieren; K4 optional."
"On Generation and Corruption -- Aristotle -- 2018 -- a6b435d0057415b13844215239c63e30 -- Anna’s Archive.pdf","western_elements/On Generation and Corruption -- Aristotle -- 2018 -- a6b435d0057415b13844215239c63e30 -- Anna’s Archive.pdf","western_elements","ok","yes","yes","optional","K2+K3 priorisieren; K4 optional."
"The Fragments Of Empedocles_ Translated Into English Verse -- Empedocles, Leonard, William Ellery, 1876-1944 -- Open Court paperbacks, LaSalle, Ill, -- isbn13 9780875483016 -- a427087e4caa49ddd795a94abe159f04 -- Anna’s Archive.pdf","western_elements/The Fragments Of Empedocles_ Translated Into English Verse -- Empedocles, Leonard, William Ellery, 1876-1944 -- Open Court paperbacks, LaSalle, Ill, -- isbn13 9780875483016 -- a427087e4caa49ddd795a94abe159f04 -- Anna’s Archive.pdf","western_elements","ok","yes","yes","optional","K2+K3 priorisieren; K4 optional."
"Chinese medicine_ the web that has no weaver -- Ted J_ Kaptchuk -- London, England, 1985 -- Rider; Ebury Publishing -- isbn13 9780712611725 -- 34a8278b13ae7a9fd227ab755255111b -- Anna’s Archive.pdf","wu_xing/Chinese medicine_ the web that has no weaver -- Ted J_ Kaptchuk -- London, England, 1985 -- Rider; Ebury Publishing -- isbn13 9780712611725 -- 34a8278b13ae7a9fd227ab755255111b -- Anna’s Archive.pdf","wu_xing","ok","yes","yes","optional","K2+K3 priorisieren; K4 optional."
"The Foundations of Chinese Medicine_ A Comprehensive Text, -- Giovanni Maciocia CAc(Nanjing) -- Array, 2015 -- Churchill Livingstone;Elsevier -- isbn13 9780702052163 -- 9688865156ec36607fbe2bfdf507b8c8 -- Anna’s Archive.pdf","wu_xing/The Foundations of Chinese Medicine_ A Comprehensive Text, -- Giovanni Maciocia CAc(Nanjing) -- Array, 2015 -- Churchill Livingstone;Elsevier -- isbn13 9780702052163 -- 9688865156ec36607fbe2bfdf507b8c8 -- Anna’s Archive.pdf","wu_xing","ok","yes","yes","optional","K2+K3 priorisieren; K4 optional."
"The Yellow Emperor’s Classic of Medicine — Essential -- Jinghua Fu && Mingshan Yang -- 2019 -- dacb65ae6ac7797e69211fb3618436d0 -- Anna’s Archive.pdf","wu_xing/The Yellow Emperor’s Classic of Medicine — Essential -- Jinghua Fu && Mingshan Yang -- 2019 -- dacb65ae6ac7797e69211fb3618436d0 -- Anna’s Archive.pdf","wu_xing","ok","yes","yes","optional","K2+K3 priorisieren; K4 optional."
"Zang fu 脏腑 the organ systems of traditional Chinese medicine -- Jeremy Ross -- 2, 1998 -- Churchill living stone -- 86c4e4ccb45fa58d3800fae08583cb81 -- Anna’s Archive.pdf","wu_xing/Zang fu 脏腑 the organ systems of traditional Chinese medicine -- Jeremy Ross -- 2, 1998 -- Churchill living stone -- 86c4e4ccb45fa58d3800fae08583cb81 -- Anna’s Archive.pdf","wu_xing","ok","yes","yes","optional","K2+K3 priorisieren; K4 optional."
